,Source,Target,no_of_follower
0,zozotam1o1o,chungshersher,335000.0
1,zozotam1o1o,aliyafinejewellery,335000.0
2,zozotam1o1o,buddynman,335000.0
3,zozotam1o1o,phoebeyung,335000.0
4,zozotam1o1o,alliechan_,335000.0
5,zozotam1o1o,march11.us,335000.0
6,zozotam1o1o,jennypackham,335000.0
7,zozotam1o1o,samanthakong,335000.0
8,zozotam1o1o,ccandice.c,335000.0
9,zozotam1o1o,jac_cheung,335000.0
10,zozotam1o1o,kapokapopo,335000.0
11,zozotam1o1o,veganjoyhk,335000.0
12,zozotam1o1o,virginlimitededition,335000.0
13,zozotam1o1o,rubylawlawlaw,335000.0
14,zozotam1o1o,joelshanchung,335000.0
15,zozotam1o1o,6wing_fama,335000.0
16,zozotam1o1o,onjai_kwok,335000.0
17,zozotam1o1o,matthew_hkp,335000.0
18,zozotam1o1o,billy_onstage,335000.0
19,zozotam1o1o,_bowiecheung,335000.0
20,zozotam1o1o,steve_shek,335000.0
21,zozotam1o1o,aman,335000.0
22,zozotam1o1o,thetravelershouse,335000.0
23,zozotam1o1o,tourhub_adventures,335000.0
24,zozotam1o1o,leonardodicaprio,335000.0
25,zozotam1o1o,yutingting94,335000.0
26,zozotam1o1o,lam1hey,335000.0
27,zozotam1o1o,derekwong726,335000.0
28,zozotam1o1o,missjni,335000.0
29,zozotam1o1o,wong_manman,335000.0
30,zozotam1o1o,gingermite,335000.0
31,zozotam1o1o,goreme_cappadocia,335000.0
32,zozotam1o1o,jessicaalba,335000.0
33,zozotam1o1o,belmond,335000.0
34,zozotam1o1o,juliangaertner,335000.0
35,zozotam1o1o,emilia_clarke,335000.0
36,zozotam1o1o,heavensportfolio,335000.0
37,zozotam1o1o,isabelmarant,335000.0
38,zozotam1o1o,selenaleelalee,335000.0
39,zozotam1o1o,inez_leong,335000.0
40,zozotam1o1o,angie056326,335000.0
41,zozotam1o1o,viviankoomei,335000.0
42,zozotam1o1o,imimstephy,335000.0
43,zozotam1o1o,leelomay,335000.0
44,zozotam1o1o,freeyonc,335000.0
45,zozotam1o1o,caityung,335000.0
46,zozotam1o1o,iamsnowwhitewhite,335000.0
47,zozotam1o1o,wongkalok1214,335000.0
48,zozotam1o1o,saxyphil,335000.0
49,zozotam1o1o,theinvisiblemen,335000.0
50,zozotam1o1o,mr.albertau,335000.0
51,zozotam1o1o,michaelwong_mw,335000.0
52,zozotam1o1o,lamhinchung,335000.0
53,zozotam1o1o,exactleepro,335000.0
54,zozotam1o1o,jerkisjerk,335000.0
55,zozotam1o1o,ballshing,335000.0
56,zozotam1o1o,leo_tsang_ss,335000.0
57,zozotam1o1o,boliewong,335000.0
58,zozotam1o1o,wang_liza,335000.0
59,zozotam1o1o,ahjim1110,335000.0
60,zozotam1o1o,henryli_makeup,335000.0
61,zozotam1o1o,heixx_,335000.0
62,zozotam1o1o,natgeo,335000.0
63,zozotam1o1o,dickyyyyyyyyyyyyyyyyyy,335000.0
64,zozotam1o1o,bruce_buzz_pr,335000.0
65,zozotam1o1o,carlylau1003,335000.0
66,zozotam1o1o,magmag_maggie,335000.0
67,zozotam1o1o,tammerz,335000.0
68,zozotam1o1o,elenakongmayyee,335000.0
69,zozotam1o1o,ohishi0913,335000.0
70,zozotam1o1o,ch_ch_chae,335000.0
71,zozotam1o1o,yuriko0730,335000.0
72,zozotam1o1o,msgr_kn,335000.0
73,zozotam1o1o,takashimakazuo,335000.0
74,zozotam1o1o,chenchiyiu,335000.0
75,zozotam1o1o,lampuipui8,335000.0
76,zozotam1o1o,theweddinggown_official,335000.0
77,zozotam1o1o,pattichong,335000.0
78,zozotam1o1o,rougecloset,335000.0
79,zozotam1o1o,alan_leung_family,335000.0
80,zozotam1o1o,kayeepo,335000.0
81,zozotam1o1o,supergarychaw,335000.0
82,zozotam1o1o,beautiful18,335000.0
83,zozotam1o1o,insider,335000.0
84,zozotam1o1o,sammy903,335000.0
85,zozotam1o1o,ryanchan301,335000.0
86,zozotam1o1o,vivianhsu.ironv,335000.0
87,zozotam1o1o,dennis_chan_qeelin,335000.0
88,zozotam1o1o,zoietam_officialfanclub,335000.0
89,zozotam1o1o,louisa_mak,335000.0
90,zozotam1o1o,heungheungeliza,335000.0
91,zozotam1o1o,ella_hsy,335000.0
92,zozotam1o1o,benz_hui,335000.0
93,zozotam1o1o,shotbykarl,335000.0
94,zozotam1o1o,crystalfyy,335000.0
95,zozotam1o1o,vivienyeobeautystore,335000.0
96,zozotam1o1o,zoietamfansclub,335000.0
97,zozotam1o1o,sammi_chengsauman,335000.0
98,zozotam1o1o,9gag,335000.0
99,zozotam1o1o,ma_helen_ma,335000.0
100,zozotam1o1o,kiss_me_nicole,335000.0
101,zozotam1o1o,adrienrho426,335000.0
102,zozotam1o1o,chowinglim,335000.0
103,zozotam1o1o,i_am_kiko,335000.0
104,zozotam1o1o,louischeung2013,335000.0
105,zozotam1o1o,mildredlo,335000.0
106,zozotam1o1o,kaman_kong,335000.0
107,zozotam1o1o,tsuiwing0807,335000.0
108,zozotam1o1o,delightfullygreen_hk,335000.0
109,zozotam1o1o,ha.leung,335000.0
110,zozotam1o1o,kelly.fuu,335000.0
111,zozotam1o1o,chakwilliam,335000.0
112,zozotam1o1o,kungkaty,335000.0
113,zozotam1o1o,jessie_sum,335000.0
114,zozotam1o1o,yuenlouis,335000.0
115,zozotam1o1o,lokyilai,335000.0
116,zozotam1o1o,davidgodavid,335000.0
117,zozotam1o1o,loktungcilla,335000.0
118,zozotam1o1o,vena_vena,335000.0
119,zozotam1o1o,tung.921,335000.0
120,zozotam1o1o,carrie_yipkayi,335000.0
121,zozotam1o1o,ray618ray618,335000.0
122,zozotam1o1o,maxc,335000.0
123,zozotam1o1o,loveatfirstbitehk,335000.0
124,zozotam1o1o,melodykaka,335000.0
125,zozotam1o1o,rikkolee,335000.0
126,zozotam1o1o,nicolewanseepui,335000.0
127,zozotam1o1o,chloemakcm,335000.0
128,zozotam1o1o,sammkoling,335000.0
129,zozotam1o1o,kt306kt,335000.0
130,zozotam1o1o,emilyhky,335000.0
131,zozotam1o1o,lei_wendy,335000.0
132,zozotam1o1o,elephantdee,335000.0
133,zozotam1o1o,its__ziyi,335000.0
134,zozotam1o1o,nicgogo,335000.0
135,zozotam1o1o,yeunghatou,335000.0
136,zozotam1o1o,honganc,335000.0
137,zozotam1o1o,toby_yanyan,335000.0
138,zozotam1o1o,dreeamer,335000.0
139,zozotam1o1o,maridfung,335000.0
140,zozotam1o1o,jackhero5,335000.0
141,zozotam1o1o,mon_c.c,335000.0
142,zozotam1o1o,doris_hehaha,335000.0
143,zozotam1o1o,rucochan,335000.0
144,zozotam1o1o,benontheroad,335000.0
145,zozotam1o1o,gwgurlie86,335000.0
146,zozotam1o1o,yuenyeechloe,335000.0
147,zozotam1o1o,nwuuu,335000.0
148,zozotam1o1o,jazz_boon,335000.0
149,zozotam1o1o,vincent_chung_hang,335000.0
150,zozotam1o1o,lamtszsin413,335000.0
151,zozotam1o1o,ghlchan,335000.0
152,zozotam1o1o,jingjing_630,335000.0
153,zozotam1o1o,jenniferjshum,335000.0
154,zozotam1o1o,dadadawongx,335000.0
155,zozotam1o1o,hanjintan,335000.0
156,zozotam1o1o,paisleyhu,335000.0
157,zozotam1o1o,bobcyp1005,335000.0
158,zozotam1o1o,joyfulck,335000.0
159,zozotam1o1o,choiisabelle,335000.0
160,zozotam1o1o,roxannetong,335000.0
161,zozotam1o1o,bob_lamshingbun,335000.0
162,zozotam1o1o,szeyan_li,335000.0
163,zozotam1o1o,myoliemyolie,335000.0
164,zozotam1o1o,gregorywong,335000.0
165,zozotam1o1o,andy_bodybuilding,335000.0
166,zozotam1o1o,leehingwa,335000.0
167,zozotam1o1o,lamcar,335000.0
168,zozotam1o1o,fattung924,335000.0
169,zozotam1o1o,ckwan_fama,335000.0
170,zozotam1o1o,becky_lee_811,335000.0
171,zozotam1o1o,jamieleehair,335000.0
172,zozotam1o1o,yancychu,335000.0
173,zozotam1o1o,tiara524,335000.0
174,zozotam1o1o,caratcheung,335000.0
175,zozotam1o1o,awansauce,335000.0
176,zozotam1o1o,huwaihongwilliam,335000.0
177,zozotam1o1o,adrianccm,335000.0
178,zozotam1o1o,jinnyng,335000.0
179,zozotam1o1o,lokyi_mui,335000.0
180,zozotam1o1o,nostalgicoutlaw,335000.0
181,zozotam1o1o,jefferylai,335000.0
182,zozotam1o1o,kellyjackie,335000.0
183,zozotam1o1o,tiffany_siuting1689,335000.0
184,zozotam1o1o,ameliestreet,335000.0
185,zozotam1o1o,joeymajoeyma,335000.0
186,zozotam1o1o,michliem,335000.0
187,zozotam1o1o,andylin2201,335000.0
188,zozotam1o1o,hubertwu,335000.0
189,zozotam1o1o,kwangorrrrrr,335000.0
190,zozotam1o1o,kearenpang,335000.0
191,zozotam1o1o,dy1114,335000.0
192,zozotam1o1o,christymakeup,335000.0
193,zozotam1o1o,hoi1218,335000.0
194,zozotam1o1o,crystalblack,335000.0
195,zozotam1o1o,sisleychoi,335000.0
196,zozotam1o1o,di2da,335000.0
197,zozotam1o1o,huichongkee,335000.0
198,zozotam1o1o,tinyuilee,335000.0
199,zozotam1o1o,tsuyoshicwk,335000.0
200,zozotam1o1o,mrdan91,335000.0
201,zozotam1o1o,cacacarlosfung,335000.0
202,zozotam1o1o,gloriapuiyeetang,335000.0
203,zozotam1o1o,elaine_yiu,335000.0
204,zozotam1o1o,wccyanyan,335000.0
205,zozotam1o1o,tracytschu,335000.0
206,zozotam1o1o,aimeeyunyunsun,335000.0
207,zozotam1o1o,tvbcomhk,335000.0
208,zozotam1o1o,charmainefong,335000.0
209,zozotam1o1o,cnkl21,335000.0
210,zozotam1o1o,kittyyuen,335000.0
211,zozotam1o1o,tamtszfung_,335000.0
212,zozotam1o1o,silviayang121,335000.0
0,zaina_sze,laurentsai,180000.0
1,zaina_sze,ansonlht,180000.0
2,zaina_sze,jeremylaous,180000.0
3,zaina_sze,princejoyce,180000.0
4,zaina_sze,tenywu,180000.0
5,zaina_sze,bbos0ng_,180000.0
6,zaina_sze,tccandler,180000.0
7,zaina_sze,peter825,180000.0
8,zaina_sze,jwpei_official,180000.0
9,zaina_sze,the.golden.rich,180000.0
10,zaina_sze,alpacaland_nft,180000.0
11,zaina_sze,animalbuddynft,180000.0
12,zaina_sze,admondc,180000.0
13,zaina_sze,kendalljenner,180000.0
14,zaina_sze,bunnywarriorsnft,180000.0
15,zaina_sze,astronaut_travel,180000.0
16,zaina_sze,idaidatsui,180000.0
17,zaina_sze,k_p0k1,180000.0
18,zaina_sze,mightybaby.126,180000.0
19,zaina_sze,jy_maggie,180000.0
20,zaina_sze,alice_choi_0905,180000.0
21,zaina_sze,kabee_b,180000.0
22,zaina_sze,kayeepo,180000.0
23,zaina_sze,mmickeyyip,180000.0
24,zaina_sze,mandymoonly,180000.0
25,zaina_sze,edmondhui,180000.0
26,zaina_sze,lamkingching,180000.0
27,zaina_sze,sisleychoi,180000.0
28,zaina_sze,fattung924,180000.0
29,zaina_sze,wwfcharlie,180000.0
30,zaina_sze,calendar.tw,180000.0
31,zaina_sze,vickyvcchan,180000.0
32,zaina_sze,kieran.www,180000.0
33,zaina_sze,lklk.orange,180000.0
34,zaina_sze,ellyiloveyou,180000.0
35,zaina_sze,simonchoi_2f4k,180000.0
36,zaina_sze,jeffreyfok_224,180000.0
37,zaina_sze,daisy____dai,180000.0
38,zaina_sze,666666ue,180000.0
39,zaina_sze,muialexx,180000.0
40,zaina_sze,debz326,180000.0
41,zaina_sze,kinglok,180000.0
42,zaina_sze,whentherocksing,180000.0
43,zaina_sze,xeesoxee,180000.0
44,zaina_sze,monyyytg,180000.0
45,zaina_sze,_jsham,180000.0
46,zaina_sze,jjen_ng,180000.0
47,zaina_sze,yinlingivy,180000.0
48,zaina_sze,vincenttsui_marketing,180000.0
49,zaina_sze,whoisnonsense,180000.0
50,zaina_sze,nanacheung,180000.0
51,zaina_sze,jennifer_poon,180000.0
52,zaina_sze,moremouths,180000.0
53,zaina_sze,candace_l22,180000.0
54,zaina_sze,colettenotnot,180000.0
55,zaina_sze,alvislo,180000.0
56,zaina_sze,mr_ronnylay,180000.0
57,zaina_sze,derekwong726,180000.0
58,zaina_sze,ws.waishun,180000.0
59,zaina_sze,gabbiecheer_,180000.0
60,zaina_sze,wingkee.wingkee,180000.0
61,zaina_sze,kazif_cheung_hair,180000.0
62,zaina_sze,greenmonday_official,180000.0
63,zaina_sze,yumthefuture,180000.0
64,zaina_sze,yingfaiiikwok,180000.0
65,zaina_sze,nychaa,180000.0
66,zaina_sze,hoooooyeony,180000.0
67,zaina_sze,ctkkit,180000.0
68,zaina_sze,itscfun,180000.0
69,zaina_sze,claralimusic,180000.0
70,zaina_sze,quoteoftheday,180000.0
71,zaina_sze,kinwan0,180000.0
72,zaina_sze,mix_by_matt_sim,180000.0
73,zaina_sze,moodyahlarn,180000.0
74,zaina_sze,rosannapang_,180000.0
75,zaina_sze,alice.tsang.0425,180000.0
76,zaina_sze,jaime_ctw,180000.0
77,zaina_sze,trexx_lyrics,180000.0
78,zaina_sze,kob0512,180000.0
79,zaina_sze,falachenfala,180000.0
80,zaina_sze,joclxx,180000.0
81,zaina_sze,chloelam03,180000.0
82,zaina_sze,dorothyma,180000.0
83,zaina_sze,alvinngfukiu,180000.0
84,zaina_sze,audreychoww,180000.0
85,zaina_sze,zaraaaa_1230,180000.0
86,zaina_sze,dadachan,180000.0
87,zaina_sze,adrienyau0108,180000.0
88,zaina_sze,venus.img,180000.0
89,zaina_sze,pernilleteisbaek,180000.0
90,zaina_sze,anoukyve,180000.0
91,zaina_sze,titikaactive,180000.0
92,zaina_sze,vickic_k,180000.0
93,zaina_sze,marieclaire_hk,180000.0
94,zaina_sze,beautifuldestinations,180000.0
95,zaina_sze,nasa,180000.0
96,zaina_sze,natgeotravel,180000.0
97,zaina_sze,archdigest,180000.0
98,zaina_sze,artbasel,180000.0
99,zaina_sze,gagosian,180000.0
100,zaina_sze,magaymaggie,180000.0
101,zaina_sze,andesyue,180000.0
102,zaina_sze,hi_songjoongki,180000.0
103,zaina_sze,angelinadanilova,180000.0
104,zaina_sze,keung1028,180000.0
105,zaina_sze,benny_ip.wav,180000.0
106,zaina_sze,ireneisgood,180000.0
107,zaina_sze,sese_lash,180000.0
108,zaina_sze,szeho.yoga,180000.0
109,zaina_sze,agneswusee,180000.0
110,zaina_sze,oneloveforyoga,180000.0
111,zaina_sze,yogamanda_ma,180000.0
112,zaina_sze,kimterpstra_yoga,180000.0
113,zaina_sze,rex_ho_,180000.0
114,zaina_sze,aloyoga,180000.0
115,zaina_sze,danie_c,180000.0
116,zaina_sze,stepk,180000.0
117,zaina_sze,tp_57_,180000.0
118,zaina_sze,bella_wong1140,180000.0
119,zaina_sze,yogawithbriohny,180000.0
120,zaina_sze,samtam_yoga,180000.0
121,zaina_sze,punialth,180000.0
122,zaina_sze,lcy_aud,180000.0
123,zaina_sze,pagposner,180000.0
124,zaina_sze,oscartaotao,180000.0
125,zaina_sze,janice_vidal,180000.0
126,zaina_sze,lizzyherself,180000.0
127,zaina_sze,aprilxpui,180000.0
128,zaina_sze,shenshenny_,180000.0
129,zaina_sze,chuiccc_,180000.0
130,zaina_sze,cherryngx,180000.0
131,zaina_sze,kate_manching,180000.0
132,zaina_sze,yy.ay_,180000.0
133,zaina_sze,kubekubeee,180000.0
134,zaina_sze,ngwaishansally,180000.0
135,zaina_sze,oosolleb_,180000.0
136,zaina_sze,lessonsfrommovies,180000.0
137,zaina_sze,taaarannn,180000.0
138,zaina_sze,sweetonekarenwu,180000.0
139,zaina_sze,dru.chung,180000.0
140,zaina_sze,inves_engineer,180000.0
141,zaina_sze,wvdabi,180000.0
142,zaina_sze,wren_hoo,180000.0
143,zaina_sze,yslbeauty,180000.0
144,zaina_sze,diorbeauty,180000.0
145,zaina_sze,chanel.beauty,180000.0
146,zaina_sze,celine,180000.0
147,zaina_sze,nikehkg,180000.0
148,zaina_sze,nike,180000.0
149,zaina_sze,billieeilish,180000.0
150,zaina_sze,lumorrohk,180000.0
151,zaina_sze,makchiiao821,180000.0
152,zaina_sze,j876my,180000.0
153,zaina_sze,theanastasiah,180000.0
154,zaina_sze,jayfungmusic,180000.0
155,zaina_sze,viviankoomei,180000.0
156,zaina_sze,joeythyee,180000.0
157,zaina_sze,skawngur,180000.0
158,zaina_sze,chrislai_mom,180000.0
159,zaina_sze,msf_hk,180000.0
160,zaina_sze,worldvisionhongkong,180000.0
161,zaina_sze,planhk,180000.0
162,zaina_sze,8billiontrees,180000.0
163,zaina_sze,truebuddha_school,180000.0
164,zaina_sze,daniellabelle1,180000.0
165,zaina_sze,stboo,180000.0
166,zaina_sze,you_r_love,180000.0
167,zaina_sze,terencelam0903,180000.0
168,zaina_sze,fungchihchiang,180000.0
169,zaina_sze,kasumi_arimura.official,180000.0
170,zaina_sze,rolaofficial,180000.0
171,zaina_sze,miyoshi.aa,180000.0
172,zaina_sze,yerimiese,180000.0
173,zaina_sze,yuuuuukko_,180000.0
174,zaina_sze,sooyaaa__,180000.0
175,zaina_sze,rachel_mypark,180000.0
176,zaina_sze,hanson.hair,180000.0
177,zaina_sze,tosiukiu,180000.0
178,zaina_sze,eisland.tw,180000.0
179,zaina_sze,camillerazat,180000.0
180,zaina_sze,taylor_hill,180000.0
181,zaina_sze,anyataylorjoy,180000.0
182,zaina_sze,sharlenewong,180000.0
183,zaina_sze,favebykennyli,180000.0
184,zaina_sze,natalie.lychan,180000.0
185,zaina_sze,robintclo,180000.0
186,zaina_sze,kayan_yau,180000.0
187,zaina_sze,erictangchikin,180000.0
188,zaina_sze,krysellawong,180000.0
189,zaina_sze,sandytooooo,180000.0
190,zaina_sze,ooodilia,180000.0
191,zaina_sze,yeungchinggg.terra,180000.0
192,zaina_sze,benontheroad,180000.0
193,zaina_sze,businessfocus.io,180000.0
194,zaina_sze,businessfocus_knowledge,180000.0
195,zaina_sze,businessfocus_quotes,180000.0
196,zaina_sze,0.xxyn,180000.0
197,zaina_sze,goworldoffice,180000.0
198,zaina_sze,greenmonday.david,180000.0
199,zaina_sze,chow.st,180000.0
200,zaina_sze,myknitmama,180000.0
201,zaina_sze,yogi_hayley,180000.0
202,zaina_sze,artisenses,180000.0
203,zaina_sze,rianne.meijer,180000.0
204,zaina_sze,goodgood.tw,180000.0
205,zaina_sze,_ms_selena,180000.0
206,zaina_sze,pako_leung,180000.0
207,zaina_sze,dualipa,180000.0
208,zaina_sze,alamfish,180000.0
209,zaina_sze,lizzyhadfield,180000.0
210,zaina_sze,lizarudkevich,180000.0
211,zaina_sze,drwilliamlo,180000.0
212,zaina_sze,drucker_success_science,180000.0
213,zaina_sze,wordssharinghouse,180000.0
214,zaina_sze,innersoulwrite,180000.0
215,zaina_sze,zishuo611,180000.0
216,zaina_sze,jojotszyan,180000.0
217,zaina_sze,voicetube_tw,180000.0
218,zaina_sze,motivationtw,180000.0
219,zaina_sze,sparksine,180000.0
220,zaina_sze,dailysuccess_official,180000.0
221,zaina_sze,theyalechen,180000.0
222,zaina_sze,tingyankatty,180000.0
223,zaina_sze,bbbonnielui,180000.0
224,zaina_sze,coffee89921,180000.0
225,zaina_sze,physit,180000.0
226,zaina_sze,adora___ng,180000.0
227,zaina_sze,king_c_allstar,180000.0
228,zaina_sze,jc_jennifer,180000.0
229,zaina_sze,_joe.yeung_,180000.0
230,zaina_sze,_ec_ec_,180000.0
231,zaina_sze,eunicechanszeyan,180000.0
232,zaina_sze,mr_littlecat,180000.0
233,zaina_sze,tonylamtszhim,180000.0
234,zaina_sze,entrepreneurshipquote,180000.0
235,zaina_sze,thisisbillgates,180000.0
236,zaina_sze,heiheifai,180000.0
237,zaina_sze,annehathaway,180000.0
238,zaina_sze,kiyan_kidz,180000.0
239,zaina_sze,carcar.carman,180000.0
240,zaina_sze,gordon2ok,180000.0
241,zaina_sze,drjanaechan,180000.0
242,zaina_sze,michelleobama,180000.0
243,zaina_sze,barackobama,180000.0
244,zaina_sze,roses_are_rosie,180000.0
245,zaina_sze,lincolnhhui,180000.0
246,zaina_sze,wai_pik_chan,180000.0
247,zaina_sze,ellieleongyoga,180000.0
248,zaina_sze,privatezoo,180000.0
249,zaina_sze,kitychoi,180000.0
250,zaina_sze,kennnnnethyau,180000.0
251,zaina_sze,krystl.kung,180000.0
252,zaina_sze,ericliu0709,180000.0
253,zaina_sze,ooooodj,180000.0
254,zaina_sze,maggie_keiyeong,180000.0
255,zaina_sze,amandalui228,180000.0
256,zaina_sze,dlwlrma,180000.0
257,zaina_sze,zainasze_officialfansclub,180000.0
258,zaina_sze,kochunnnn,180000.0
259,zaina_sze,alvin701,180000.0
260,zaina_sze,successfuljewish_official,180000.0
261,zaina_sze,adele,180000.0
262,zaina_sze,ladygaga,180000.0
263,zaina_sze,selenagomez,180000.0
264,zaina_sze,taylorswift,180000.0
265,zaina_sze,myselflovesupply,180000.0
266,zaina_sze,pureyogaofficial,180000.0
267,zaina_sze,lalalalisa_m,180000.0
268,zaina_sze,skuukzky,180000.0
269,zaina_sze,wongggyoyo,180000.0
270,zaina_sze,cherubchan0226,180000.0
271,zaina_sze,_hanson.l_,180000.0
272,zaina_sze,vivian.karying,180000.0
273,zaina_sze,positivevibesquotes,180000.0
274,zaina_sze,thegoodquote,180000.0
275,zaina_sze,thegoodquote.co,180000.0
276,zaina_sze,kislawkc,180000.0
277,zaina_sze,cy_leo,180000.0
278,zaina_sze,jaychou,180000.0
279,zaina_sze,jjlin,180000.0
280,zaina_sze,gem0816,180000.0
281,zaina_sze,hinscheung,180000.0
282,zaina_sze,eslite_global,180000.0
283,zaina_sze,zoensaiproperty,180000.0
284,zaina_sze,ginleeginlee,180000.0
285,zaina_sze,agaseen,180000.0
286,zaina_sze,nur.sanzd,180000.0
287,zaina_sze,nalisha_notes,180000.0
288,zaina_sze,alancheungmusic,180000.0
289,zaina_sze,koki,180000.0
290,zaina_sze,yogasamrat,180000.0
291,zaina_sze,yogagroundhongkong,180000.0
292,zaina_sze,___jcca,180000.0
293,zaina_sze,snow711,180000.0
294,zaina_sze,eaglebasketballhk,180000.0
295,zaina_sze,aaaaaaa.angel,180000.0
296,zaina_sze,hannah_quinlivan,180000.0
297,zaina_sze,sharonluk1229,180000.0
298,zaina_sze,expert_medical_hk,180000.0
299,zaina_sze,malluxe.com.hk,180000.0
300,zaina_sze,mk_li,180000.0
301,zaina_sze,ellagross,180000.0
302,zaina_sze,jennierubyjane,180000.0
303,zaina_sze,emlookreal,180000.0
304,zaina_sze,don.tse,180000.0
305,zaina_sze,zoensaientertainment,180000.0
306,zaina_sze,mikepyl,180000.0
307,zaina_sze,subyub,180000.0
308,zaina_sze,applelau0106,180000.0
309,zaina_sze,yungchoyee,180000.0
310,zaina_sze,sammi_chengsauman,180000.0
311,zaina_sze,hana_kuk,180000.0
312,zaina_sze,kaytse,180000.0
313,zaina_sze,kangyongcai,180000.0
314,zaina_sze,heybiblee,180000.0
315,zaina_sze,yyiiuu_f,180000.0
316,zaina_sze,sungziyoung,180000.0
317,zaina_sze,vincent.kkf,180000.0
318,zaina_sze,nanaouyang,180000.0
319,zaina_sze,janice_man,180000.0
320,zaina_sze,elephantdee,180000.0
321,zaina_sze,laurinda_ho,180000.0
322,zaina_sze,gal_gadot,180000.0
323,zaina_sze,sora_pppp,180000.0
324,zaina_sze,crispypy,180000.0
325,zaina_sze,iamkingjer,180000.0
326,zaina_sze,green_common,180000.0
327,zaina_sze,veggiexpert_elvisc,180000.0
328,zaina_sze,cceciliayeung,180000.0
329,zaina_sze,misselvani,180000.0
330,zaina_sze,yogainspiration,180000.0
331,zaina_sze,jessica.syj,180000.0
332,zaina_sze,liuwenlw,180000.0
333,zaina_sze,yuyanpeng,180000.0
334,zaina_sze,amanl,180000.0
335,zaina_sze,robinleungwhosoever,180000.0
336,zaina_sze,davikah,180000.0
337,zaina_sze,ttttin__.__yuiiii,180000.0
338,zaina_sze,kathyz.l,180000.0
339,zaina_sze,mayc_____,180000.0
340,zaina_sze,time,180000.0
341,zaina_sze,_cwailim,180000.0
342,zaina_sze,yikwanf,180000.0
343,zaina_sze,maggiewongg,180000.0
344,zaina_sze,mirandakerr,180000.0
345,zaina_sze,karywong__,180000.0
346,zaina_sze,debbietse852,180000.0
347,zaina_sze,angelababyct,180000.0
348,zaina_sze,yiuuuu_ng,180000.0
349,zaina_sze,westface___,180000.0
350,zaina_sze,wasum1125,180000.0
351,zaina_sze,laitszyan_,180000.0
352,zaina_sze,joannaaalo,180000.0
353,zaina_sze,hauyauto,180000.0
0,zaak6naam4,steventang.art,57000.0
1,zaak6naam4,lobintanworkshop,57000.0
2,zaak6naam4,xencelabs_hktw,57000.0
3,zaak6naam4,a_r_y_u.c,57000.0
4,zaak6naam4,sayo__ramo,57000.0
5,zaak6naam4,mzcca,57000.0
6,zaak6naam4,kun333r,57000.0
7,zaak6naam4,reika_draws,57000.0
8,zaak6naam4,moonmoondinotree,57000.0
9,zaak6naam4,etetesnowinter,57000.0
10,zaak6naam4,pepper409,57000.0
11,zaak6naam4,lifemarthk,57000.0
12,zaak6naam4,limeart.sketch,57000.0
13,zaak6naam4,papergoodsbydorie,57000.0
14,zaak6naam4,girlsfoodies,57000.0
15,zaak6naam4,alicehobbey.art,57000.0
16,zaak6naam4,makuku_illustration,57000.0
17,zaak6naam4,hkcropcircle,57000.0
18,zaak6naam4,marco.york10,57000.0
19,zaak6naam4,johnee_lau,57000.0
20,zaak6naam4,polliwstudio,57000.0
21,zaak6naam4,deer_station,57000.0
22,zaak6naam4,t.mao_comics,57000.0
23,zaak6naam4,poop_mr,57000.0
24,zaak6naam4,ontungc,57000.0
25,zaak6naam4,bubble.c_c,57000.0
26,zaak6naam4,maubolung,57000.0
27,zaak6naam4,kazy_chan,57000.0
28,zaak6naam4,mung.yu,57000.0
29,zaak6naam4,eastcome_tonyelectronic,57000.0
30,zaak6naam4,th.lll,57000.0
31,zaak6naam4,foodpanda_hongkong,57000.0
32,zaak6naam4,marketoohk,57000.0
33,zaak6naam4,kiu1023,57000.0
34,zaak6naam4,reducto1,57000.0
35,zaak6naam4,double_chin_draw,57000.0
36,zaak6naam4,mr_n_mrs_moon,57000.0
37,zaak6naam4,comicosto,57000.0
38,zaak6naam4,cherngyang,57000.0
39,zaak6naam4,bigycomic,57000.0
40,zaak6naam4,hug.my.tails,57000.0
41,zaak6naam4,carriedraw,57000.0
42,zaak6naam4,rinotuna,57000.0
43,zaak6naam4,shiromaro_painting,57000.0
44,zaak6naam4,mr.doumiao,57000.0
45,zaak6naam4,ugly_family,57000.0
46,zaak6naam4,llh.story,57000.0
47,zaak6naam4,cheekycheeky.hkhk,57000.0
48,zaak6naam4,oh.mankee,57000.0
49,zaak6naam4,toballkidrawing,57000.0
50,zaak6naam4,venusphilosophy,57000.0
51,zaak6naam4,humchuk,57000.0
52,zaak6naam4,doodlefishhhh,57000.0
53,zaak6naam4,crazyeyes0128,57000.0
54,zaak6naam4,mean_production,57000.0
55,zaak6naam4,namendart,57000.0
56,zaak6naam4,yanagisue,57000.0
57,zaak6naam4,tonyelectronic,57000.0
58,zaak6naam4,ddedhk,57000.0
59,zaak6naam4,dustykid_hk,57000.0
60,zaak6naam4,jiejie_unclecat,57000.0
61,zaak6naam4,mandycats,57000.0
62,zaak6naam4,chaoyatcomics,57000.0
63,zaak6naam4,wingwingyumyum,57000.0
64,zaak6naam4,97_jii,57000.0
65,zaak6naam4,_peekapoop_,57000.0
66,zaak6naam4,cakenyam_2,57000.0
67,zaak6naam4,hiphop200177,57000.0
68,zaak6naam4,unclesiuenglish,57000.0
69,zaak6naam4,oilheadjunior,57000.0
70,zaak6naam4,adamtots,57000.0
71,zaak6naam4,derekdomnicdsouza,57000.0
72,zaak6naam4,nnnnoooo007,57000.0
73,zaak6naam4,penso,57000.0
74,zaak6naam4,komugiko_2000,57000.0
75,zaak6naam4,yorkily_,57000.0
76,zaak6naam4,daisukerichard,57000.0
77,zaak6naam4,sseongryul,57000.0
78,zaak6naam4,peanut.draws,57000.0
79,zaak6naam4,snatti89,57000.0
80,zaak6naam4,hey_that_girl1016,57000.0
81,zaak6naam4,pix_bun,57000.0
82,zaak6naam4,fangni0910,57000.0
83,zaak6naam4,gg_animalism,57000.0
84,zaak6naam4,greenpeace_hk,57000.0
85,zaak6naam4,rokku_sama,57000.0
86,zaak6naam4,litarnes,57000.0
87,zaak6naam4,meltedbuns,57000.0
88,zaak6naam4,arkisan.hk,57000.0
89,zaak6naam4,hungjeruncle,57000.0
90,zaak6naam4,53.haruu,57000.0
91,zaak6naam4,pei0923,57000.0
92,zaak6naam4,drag_me_to_work,57000.0
93,zaak6naam4,ili.cheng,57000.0
94,zaak6naam4,hachibedrawing,57000.0
95,zaak6naam4,smalleyeskuma,57000.0
96,zaak6naam4,vignatius.art,57000.0
97,zaak6naam4,hk.dict,57000.0
98,zaak6naam4,hydedraws,57000.0
99,zaak6naam4,wacomhongkong,57000.0
100,zaak6naam4,mikangillus,57000.0
101,zaak6naam4,meowuyi,57000.0
102,zaak6naam4,ee.zizi,57000.0
103,zaak6naam4,blog.mixflavor,57000.0
104,zaak6naam4,bonga_quest,57000.0
105,zaak6naam4,voice_deliverer,57000.0
106,zaak6naam4,bearbrickjia,57000.0
107,zaak6naam4,vawongsir,57000.0
108,zaak6naam4,tonn.hsu,57000.0
109,zaak6naam4,pushome,57000.0
110,zaak6naam4,rykyart,57000.0
111,zaak6naam4,151bowie,57000.0
112,zaak6naam4,tooooozitw,57000.0
113,zaak6naam4,otherstore_art,57000.0
114,zaak6naam4,bailee_story,57000.0
115,zaak6naam4,birdstonshire,57000.0
116,zaak6naam4,malbeniakane,57000.0
117,zaak6naam4,ah_to_hk,57000.0
118,zaak6naam4,bitterboysdiary,57000.0
119,zaak6naam4,foomidori,57000.0
120,zaak6naam4,wilson_artwork,57000.0
121,zaak6naam4,canking_liu,57000.0
122,zaak6naam4,sayhanart,57000.0
123,zaak6naam4,yungyungjai,57000.0
124,zaak6naam4,imaginstation,57000.0
125,zaak6naam4,sowinghong,57000.0
126,zaak6naam4,crlshiba,57000.0
127,zaak6naam4,lc.commander,57000.0
128,zaak6naam4,feijaibor,57000.0
129,zaak6naam4,hiruna454,57000.0
130,zaak6naam4,aray_comix,57000.0
131,zaak6naam4,y2i_nstagram,57000.0
132,zaak6naam4,vipstorey,57000.0
133,zaak6naam4,rediesworld,57000.0
134,zaak6naam4,imsaltfish,57000.0
135,zaak6naam4,jun.chiu_arts,57000.0
136,zaak6naam4,kiwatameru,57000.0
137,zaak6naam4,blueylk,57000.0
138,zaak6naam4,averageguy_art,57000.0
139,zaak6naam4,yuumeiart,57000.0
140,zaak6naam4,tungwood,57000.0
141,zaak6naam4,heungshing_hk,57000.0
142,zaak6naam4,fenn.draws,57000.0
143,zaak6naam4,marmaladica,57000.0
144,zaak6naam4,littlethunder,57000.0
145,zaak6naam4,tsesaipei,57000.0
146,zaak6naam4,szetomimi,57000.0
147,zaak6naam4,ry_o_ta_,57000.0
148,zaak6naam4,dordraw.ig,57000.0
149,zaak6naam4,meecosme,57000.0
150,zaak6naam4,cusonlo,57000.0
151,zaak6naam4,a_drawinglin,57000.0
152,zaak6naam4,3siblingsss,57000.0
153,zaak6naam4,cawing.com.hk,57000.0
154,zaak6naam4,elsiedrawing8217,57000.0
155,zaak6naam4,yiki_draws,57000.0
156,zaak6naam4,cry_mylife,57000.0
157,zaak6naam4,zaaknaamart,57000.0
158,zaak6naam4,bluesiugan,57000.0
159,zaak6naam4,yuyuyu.71,57000.0
160,zaak6naam4,eggplantduck,57000.0
161,zaak6naam4,dike_akbar,57000.0
162,zaak6naam4,ameow_lazygirl,57000.0
163,zaak6naam4,j.pictures.falala,57000.0
164,zaak6naam4,singsings_life,57000.0
165,zaak6naam4,ei8htmonths,57000.0
166,zaak6naam4,_ah.mo__,57000.0
167,zaak6naam4,pingrayk,57000.0
168,zaak6naam4,a4weekly,57000.0
169,zaak6naam4,ohlittlesweet,57000.0
170,zaak6naam4,kumawendy,57000.0
171,zaak6naam4,semellow730,57000.0
172,zaak6naam4,chxrry.pie,57000.0
173,zaak6naam4,gummy_forest,57000.0
174,zaak6naam4,machiko324,57000.0
175,zaak6naam4,shiro_space,57000.0
176,zaak6naam4,lonely.crocodile,57000.0
177,zaak6naam4,dat.arrow,57000.0
178,zaak6naam4,yobeeeeeee,57000.0
179,zaak6naam4,so.elephant,57000.0
180,zaak6naam4,mzcca0.16,57000.0
181,zaak6naam4,sarwadka,57000.0
182,zaak6naam4,lazyboyandgirl,57000.0
183,zaak6naam4,lousygirlfriend,57000.0
184,zaak6naam4,princess_chicken321,57000.0
185,zaak6naam4,guma.illustration,57000.0
186,zaak6naam4,draw4yu,57000.0
187,zaak6naam4,smallook,57000.0
188,zaak6naam4,chume.mean,57000.0
189,zaak6naam4,79hkartist,57000.0
190,zaak6naam4,asakodraws,57000.0
191,zaak6naam4,majeh__,57000.0
192,zaak6naam4,plasticthing,57000.0
193,zaak6naam4,turtledrawturtle,57000.0
194,zaak6naam4,napo_hk,57000.0
195,zaak6naam4,mr.paul_tw,57000.0
196,zaak6naam4,everyone.is.storyteller,57000.0
197,zaak6naam4,mrmilkdiary,57000.0
198,zaak6naam4,dai.kkk,57000.0
199,zaak6naam4,waiicy,57000.0
200,zaak6naam4,sc.illustration_,57000.0
201,zaak6naam4,yanmuiii,57000.0
202,zaak6naam4,fishball_drawing,57000.0
203,zaak6naam4,ynlmd,57000.0
204,zaak6naam4,hongkongdraw,57000.0
0,yylamjayden,jimchan0909,101000.0
1,yylamjayden,allez_roger_4ever,101000.0
2,yylamjayden,shallwetalkhk20,101000.0
3,yylamjayden,nicolawong_wlk_,101000.0
4,yylamjayden,yanho1808,101000.0
5,yylamjayden,fai_hachill,101000.0
6,yylamjayden,903badgirlo,101000.0
7,yylamjayden,daysofbeingfilmed,101000.0
8,yylamjayden,elsie_lui,101000.0
9,yylamjayden,joys.foodiary,101000.0
10,yylamjayden,hugo_cth,101000.0
11,yylamjayden,bobo_clp,101000.0
12,yylamjayden,bonlameng,101000.0
13,yylamjayden,byejackisgrateful,101000.0
14,yylamjayden,acuvuehk,101000.0
15,yylamjayden,hugepenny,101000.0
16,yylamjayden,pomatohk,101000.0
17,yylamjayden,muddydirtywater,101000.0
18,yylamjayden,sabrinapingping_,101000.0
19,yylamjayden,chingyanfu,101000.0
20,yylamjayden,kayan9896,101000.0
21,yylamjayden,jerrrr8323,101000.0
22,yylamjayden,pigaboo.studio,101000.0
23,yylamjayden,christiecpy,101000.0
24,yylamjayden,accessabroad.hk,101000.0
25,yylamjayden,new.world.group,101000.0
26,yylamjayden,kinlamchuiii,101000.0
27,yylamjayden,wankileung,101000.0
28,yylamjayden,steve_shek,101000.0
29,yylamjayden,inmediahknet,101000.0
30,yylamjayden,benbenyuen,101000.0
31,yylamjayden,aurora.write,101000.0
32,yylamjayden,meowmmmowo,101000.0
33,yylamjayden,yiminghay,101000.0
34,yylamjayden,eve_ai_the_crazy_one,101000.0
35,yylamjayden,taiwanfruit886,101000.0
36,yylamjayden,yylamelite_lcm,101000.0
37,yylamjayden,agneschan1205,101000.0
38,yylamjayden,yylamelite_gigi,101000.0
39,yylamjayden,allh1129,101000.0
40,yylamjayden,_tommypau_,101000.0
41,yylamjayden,badltd_official,101000.0
42,yylamjayden,kgehk,101000.0
43,yylamjayden,cherealllllll,101000.0
44,yylamjayden,luissuarez9,101000.0
45,yylamjayden,catom_mathematics,101000.0
46,yylamjayden,elementplusedu,101000.0
47,yylamjayden,yy_study___,101000.0
48,yylamjayden,joshuaaa_524,101000.0
49,yylamjayden,drmaxhk,101000.0
50,yylamjayden,yatsunfoodmart,101000.0
51,yylamjayden,simon_lo,101000.0
52,yylamjayden,jay_ycc.1112,101000.0
53,yylamjayden,ashley_defining,101000.0
54,yylamjayden,drrkkcc,101000.0
55,yylamjayden,saxyphil,101000.0
56,yylamjayden,legendxlegend_warringperiod,101000.0
57,yylamjayden,janicepun,101000.0
58,yylamjayden,roxannetsui_,101000.0
59,yylamjayden,mpw.culture,101000.0
60,yylamjayden,drsallywong,101000.0
61,yylamjayden,janyicet,101000.0
62,yylamjayden,girlfriendwestface,101000.0
63,yylamjayden,poetstribe,101000.0
64,yylamjayden,tungtungdess,101000.0
65,yylamjayden,midwestvintage,101000.0
66,yylamjayden,lofaig,101000.0
67,yylamjayden,903ahjeng,101000.0
68,yylamjayden,chongcholam,101000.0
69,yylamjayden,yohjiyamamotohk,101000.0
70,yylamjayden,sabrina_chann_,101000.0
71,yylamjayden,benchiuz_,101000.0
72,yylamjayden,llaichingl,101000.0
73,yylamjayden,bonlamdse,101000.0
74,yylamjayden,yylammock2022,101000.0
75,yylamjayden,saryokyotoniomon,101000.0
76,yylamjayden,amenpapa,101000.0
77,yylamjayden,dse_times,101000.0
78,yylamjayden,aboutwords.k,101000.0
79,yylamjayden,krisssica,101000.0
80,yylamjayden,deegor_hkwa,101000.0
81,yylamjayden,joliechiu_wl,101000.0
82,yylamjayden,ivy.nga2,101000.0
83,yylamjayden,dickson100most,101000.0
84,yylamjayden,definingeducationhk,101000.0
85,yylamjayden,yylamlili,101000.0
86,yylamjayden,rolleicheung_hk,101000.0
87,yylamjayden,terry_yeung_blog,101000.0
88,yylamjayden,nancyyxx,101000.0
89,yylamjayden,jaychou,101000.0
90,yylamjayden,calvinsuncs,101000.0
91,yylamjayden,leomessi,101000.0
92,yylamjayden,psg,101000.0
93,yylamjayden,yylameliteada,101000.0
94,yylamjayden,contex_digital,101000.0
95,yylamjayden,ho_cheuk_hin_tom,101000.0
96,yylamjayden,ers_manners,101000.0
97,yylamjayden,hksl_1104,101000.0
98,yylamjayden,chineylwc_,101000.0
99,yylamjayden,sabrinaa_sab__,101000.0
100,yylamjayden,manho_lmh,101000.0
101,yylamjayden,lamargus,101000.0
102,yylamjayden,mtmarcotang,101000.0
103,yylamjayden,l_k_w_,101000.0
104,yylamjayden,peterjai___,101000.0
105,yylamjayden,chococaneat,101000.0
106,yylamjayden,marco_mathsecrets,101000.0
107,yylamjayden,dse.geography,101000.0
108,yylamjayden,_2022_5starstar_,101000.0
109,yylamjayden,tutorstars2021,101000.0
110,yylamjayden,chloeetsang_,101000.0
111,yylamjayden,yylam.dynamic,101000.0
112,yylamjayden,stephaniehsau,101000.0
113,yylamjayden,ngklangus,101000.0
114,yylamjayden,night________________,101000.0
115,yylamjayden,iamingridw,101000.0
116,yylamjayden,chloe.kwan,101000.0
117,yylamjayden,hoto.kwong,101000.0
118,yylamjayden,charmainechang_,101000.0
119,yylamjayden,holongting,101000.0
120,yylamjayden,ccynthia.cyn,101000.0
121,yylamjayden,trevina_yhc,101000.0
122,yylamjayden,bella_tam_tsy,101000.0
123,yylamjayden,szelik_lilyyyy,101000.0
124,yylamjayden,brianlau_ss,101000.0
125,yylamjayden,lessonwiseofficial,101000.0
126,yylamjayden,diuhak,101000.0
127,yylamjayden,akinafong,101000.0
128,yylamjayden,cceciliayeung,101000.0
129,yylamjayden,wilsonlau1005,101000.0
130,yylamjayden,marcotangls,101000.0
131,yylamjayden,laiyingdesu,101000.0
132,yylamjayden,yinsinglucas,101000.0
133,yylamjayden,blackpaperbu,101000.0
134,yylamjayden,fatcoffeewith,101000.0
135,yylamjayden,wesleygo86,101000.0
136,yylamjayden,wakeefood,101000.0
137,yylamjayden,yoyoky923,101000.0
138,yylamjayden,cyt_fiona,101000.0
139,yylamjayden,wwithering.away,101000.0
140,yylamjayden,oscarrr_yip,101000.0
141,yylamjayden,kkwan.yy,101000.0
142,yylamjayden,ansonytman,101000.0
143,yylamjayden,little_meg_siu_meg,101000.0
144,yylamjayden,klckin,101000.0
145,yylamjayden,jeremylaous,101000.0
146,yylamjayden,terencelam0903,101000.0
147,yylamjayden,nancy0122,101000.0
148,yylamjayden,yyteamtommy,101000.0
149,yylamjayden,maisonmargiela,101000.0
150,yylamjayden,hk_cnc,101000.0
151,yylamjayden,dse_fighting_2021,101000.0
152,yylamjayden,hwgnowaloy,101000.0
153,yylamjayden,ccc.futsal,101000.0
154,yylamjayden,siulyyy,101000.0
155,yylamjayden,lam_william,101000.0
156,yylamjayden,checheee__,101000.0
157,yylamjayden,kendysuen,101000.0
158,yylamjayden,_watttty,101000.0
159,yylamjayden,skm.stonejai,101000.0
160,yylamjayden,yylamelite_sau,101000.0
161,yylamjayden,kariskimmm,101000.0
162,yylamjayden,soniacoffeehk,101000.0
163,yylamjayden,aquarius_kit,101000.0
164,yylamjayden,yylamelitetina,101000.0
165,yylamjayden,yylamelite_ivy,101000.0
166,yylamjayden,aoekokol,101000.0
167,yylamjayden,falcao12oficial,101000.0
168,yylamjayden,acr.comic,101000.0
169,yylamjayden,crystalfyy,101000.0
170,yylamjayden,yylamelite_shekjai,101000.0
171,yylamjayden,jolamchok,101000.0
172,yylamjayden,tiffitiffytiffany,101000.0
173,yylamjayden,yeuklam,101000.0
174,yylamjayden,cherrysavor,101000.0
175,yylamjayden,dim_it_scenterior,101000.0
176,yylamjayden,missk.misskirby,101000.0
177,yylamjayden,themoomooburger,101000.0
178,yylamjayden,pearlwong,101000.0
179,yylamjayden,justformochi,101000.0
180,yylamjayden,ukchitchat,101000.0
181,yylamjayden,thegiglings,101000.0
182,yylamjayden,seafood_puitsai,101000.0
183,yylamjayden,thombrowne,101000.0
184,yylamjayden,yylam.inspiredstudent,101000.0
185,yylamjayden,char_twching,101000.0
186,yylamjayden,amsavenue_hk,101000.0
187,yylamjayden,hinching_cheung,101000.0
188,yylamjayden,lowcostcosplayth,101000.0
189,yylamjayden,notjustclothing,101000.0
190,yylamjayden,priscillanwy,101000.0
191,yylamjayden,lemowarahk,101000.0
192,yylamjayden,winwinter21,101000.0
193,yylamjayden,marcoantonionf11,101000.0
194,yylamjayden,dse_chi_firstaid,101000.0
195,yylamjayden,yatsum.learnchinese,101000.0
196,yylamjayden,josemourinho,101000.0
197,yylamjayden,discusswithyyteam,101000.0
198,yylamjayden,hoikiu___,101000.0
199,yylamjayden,daydayfight.aoe,101000.0
200,yylamjayden,amiamishasha,101000.0
201,yylamjayden,tysonboyy__,101000.0
202,yylamjayden,dickhui_dhmp,101000.0
203,yylamjayden,zoesportdiary,101000.0
204,yylamjayden,dsebumpingdollar,101000.0
205,yylamjayden,cavaniofficial21,101000.0
206,yylamjayden,donnyvdbeek,101000.0
207,yylamjayden,jc_jennifer,101000.0
208,yylamjayden,ivan.law___ivan.law,101000.0
209,yylamjayden,_emileyail_,101000.0
210,yylamjayden,yiyi_cyy,101000.0
211,yylamjayden,lyb.hkg,101000.0
212,yylamjayden,medicalinspire,101000.0
213,yylamjayden,ivylky_nss,101000.0
214,yylamjayden,dse_creme,101000.0
215,yylamjayden,yylam.inspiringmealways,101000.0
216,yylamjayden,angang.gell_,101000.0
217,yylamjayden,yylamelitehester,101000.0
218,yylamjayden,jjackielauu,101000.0
219,yylamjayden,dsegrammm,101000.0
220,yylamjayden,concertyy,101000.0
221,yylamjayden,dearjanenice,101000.0
222,yylamjayden,dearjanehowie,101000.0
223,yylamjayden,dream_compassioneers,101000.0
224,yylamjayden,evelynw___,101000.0
225,yylamjayden,kxllyyyy,101000.0
226,yylamjayden,nicolexlui,101000.0
