,ig_id,Category,influence_index,rating,suggest
0,hinscheung,Art,,,"['lam2', 'misselvani', 'zelia', 'jayfungmusic', 'jackhero5', 'wong_manman', 'kaytse', 'janice_vidal', 'owencheung', 'nk830', 'yannyyc', 'jumbotsang', 'rucochan', 'yungchoyee', 'jessicatsoi', 'rosinalam', 'q_gill', 'joelshanchung', 'terencelam0903', 'iamkingjer', 'physit', 'saxyphil', 'kendalljenner', 'yuenkaka', 'joyfulck', 'siobhanhaughey01', 'jaychou', 'yumiko.chengy', 'taylorswift', 'yingcaier', 'paisleyhu', 'maglam_', 'zozotam1o1o', 'hoccgoomusic', 'laurinda_ho', 'momong629', 'pomatohk', 'suechangg', 'sammy903', 'mcshing', 'trialanderror924', 'kathychow520', 'kayeepo', 'kb_kevinboy', 'jeremy_0908', 'kayan9896', 'kevyiu', 'wong_cho_lam', 'hubertwu', 'mayannem', 'therivergirl', 'stephanie_cheng', 'yuduck', 'rainie77', 'sabrinasa', 'quicheung', 'pantherchan', 'hoi1218', 'voguemagazine', 'jenniferyuuu', 'tavia_yeung', 'kwangorrrrrr', 'lokyilai', 'mcheung1201', 'roxannetong', 'lihkg.forum', 'mirror.weare', 'yuyanpeng', 'sandrangky', 'malisheep', 'ithk', 'leungpakkin', 'punkhippie', 'vincentwong07', 'yawen_j', 'prada', 'sqwhat', 'tysonyoshi', 'jwchubz', 'pumpkinjojoinstagram', 'nwuuu', 'scarlett328', 'leungmanlai', 'wongtsuiyu', 'kayeechau', 'kennyjr', 'siuhinng', 'numberonepr', 'viutv', 'sammkoling', 'leonardodicaprio', 'stboo', 'nikehkg', 'meikiw', 'tracytschu', 'sammi_chengsauman', 'sooyaaa__', 'lightboy903', 'lok666', 'l_for_louise', 'i_am_kiko', 'kootinlok_louis', 'jimyan', 'yautaitung', 'karl_ting', 'shi_ga', 'lulutung', 'lam1hey', 'sofiee_ng', 'kaman_kong', 'roses_are_rosie', 'louischeung2013', 'jacquelinebwong', 'thatdanielwu', 'vvyeo', 'janice_man', 'lukhoo', 'jennierubyjane', 'stephaniehsau', 'honganc', 'sisleychoi', 'uglykwan', 'laiwinki', 'siufay613', 'mayaoo', 'natalietong53', 'rahrahsong', 'stanleysc_', 'missjni', 'lucy.is.good', 'michellewsn', 'jeremylaous', 'locker_94', 'kittyyuen', 'matthew_hkp', 'hui_alfred', 'joeythyee', 'sharonchanmanchi', 'snow711', 'keung_show', 'louisvuitton', 'mirandakerr', 'wang_liza', 'ngk', 'lalalalisa_m', 'wongmanyik', 'kevinstarkchu', 'kungkaty', 'yeungchinwah', 'lawjoey', 'janlamb_09', 'minchen333', 'juno_mak', 'real_ting', 'jinnyng', 'jacechw', 'mreasonchan', 'jolin_cai', 'koonella', 'william_gung', 'kandybubu', 'tvbcomhk', 'princejoyce', 'rebecca_zhu', 'louisa_mak', 'manner__official', 'kelllycheung', 'yeunghatou', 'maisonvalentino', 'myoliemyolie', 'tosiukiu', 'wongyuenb', 'kearenpang', 'tinyuilee', 'on_callstar', 'k_p0k1', 'yiplinsum', 'kellychenwailam', 'neoyau19', 'lauchunhim.terrance', 'victoriabeckham', 'selenaleelalee', 'karenalamkayan', 'iancychan', 'kakisham', 'wongyounam']"
1,captv.hk,Art,372.14493189650574,A,
2,huidi_shi,Art,33.11494701179208,D,
3,mmmorganxz,Art,96.67380778729016,C,
4,raywychin,Art,128.95405917307565,C,
5,dsl_hongkong,,94.72128981288256,C,
6,ly_joxx,Art,153.40326738182688,B,
7,asahina_aya,Art,1692.7807123177724,A,
8,reererre,Art,191.86816440534787,B,
9,unseen,,1572.3398380824444,A,
10,chit_chak,,30.322379714027008,D,
11,gta5ous,,88.48311521825396,D,
12,charmainefong,Art,257.49088116266586,B,"['misselvani', 'concertyy', 'yeungchinwah', 'sammi_chengsauman', 'kaytse', 'jinnyng', 'quicheung', 'hinscheung', 'koonella', 'yannyyc', 'princejoyce', 'louischeung2013', 'cherrysavor', 'yungchoyee', 'punkhippie', 'wongyuenb', 'iamkingjer', 'physit', 'sqwhat', 'gwgurlie86', 'maglam_', 'sammy903', 'kittyyuen', 'hui_alfred', 'ckw720']"
13,vinaccccccc,Art,13.047383684042842,D,
14,kellustration,Travel,,,
15,arryuu,Art,1238.5732680648755,A,"['misselvani', 'bella_lam', 'jackhero5', 'wong_manman', 'kaytse', 'owencheung', 'herachann', 'bob_lamshingbun', 'yungchoyee', 'rosinalam', 'joelshanchung', 'iamkingjer', 'itstiffanylau', 'paisleyhu', 'zozotam1o1o', 'momong629', 'ccandice.c', 'sammy903', 'heungheungeliza', 'kayeepo', 'hubertwu', 'mayannem', 'chungkayanlinda', 'yuduck', 'cheungwinghong', 'hoi1218', 'kwangorrrrrr', 'lokyilai', 'roxannetong', 'brianchu0523', 'punkhippie', 'vincentwong07', 'gloriapuiyeetang', 'lisa_chng', 'jwchubz', 'choisaaaa', 'gwgurlie86', 'nwuuu', 'wongtsuiyu', 'brian_tsetse', 'numberonepr', 'sammkoling', 'chenchiyiu', 'tracytschu', 'falachenfala', 'sammi_chengsauman', 'chanelofficial', 'hinscheung', 'shi_ga', 'kaman_kong', 'louischeung2013', 'jacquelinebwong', 'vvyeo', 'benontheroad', 'lukhoo', 'elaine_yiu', 'sisleychoi', 'laiwinki', 'natalietong53', 'crystalfyy', 'missjni', 'edwinsiu', 'ghlchan', 'matthew_hkp', 'snow711', 'joeythyee', 'chrissienana', 'sharonchanmanchi', 'wang_liza', 'derekwong726', 'heidibibe', 'kungkaty', 'lawjoey', 'jinnyng', 'kandybubu', 'do_do_cheng', 'chakwilliam', 'princejoyce', 'rebecca_zhu', 'louisa_mak', 'kelllycheung', 'yeunghatou', 'jacquelinchng', 'myoliemyolie', 'selenaleelalee', 'guruhung', 'fattung924']"
16,honganc,Art,407.9256465740482,A,"['hubertwu', 'misselvani', 'wang_liza', 'mayannem', 'numberonepr', 'kungkaty', 'lawjoey', 'sammi_chengsauman', 'wong_manman', 'jinnyng', 'kaytse', 'kootinlok_louis', 'owencheung', 'nostalgicoutlaw', 'shi_ga', 'kandybubu', 'tvbcomhk', 'princejoyce', 'kaman_kong', 'louischeung2013', 'louisa_mak', 'rucochan', 'kwangorrrrrr', 'toby_yanyan', 'kelllycheung', 'lokyilai', 'yungchoyee', 'roxannetong', 'myoliemyolie', 'rosinalam', 'lukhoo', 'joelshanchung', 'punkhippie', 'sisleychoi', 'jwchubz', 'natalietong53', 'missjni', 'nwuuu', 'momong629', 'selenaleelalee', 'sammy903', 'kittyyuen', 'matthew_hkp', 'snow711', 'wongtsuiyu', 'kayeepo']"
17,vivi_vivianlaw,Art,105.57299676891364,C,
18,seeing2sea,Art,44.16174529402019,D,
19,sassyhongkong,Art,115.02919991775552,C,
20,rimazeidan51,Art,641.3371050956501,A,
21,albee_be,Art,33.1511858725282,D,
22,simon_c,Art,12.508496954449653,D,
23,danielwellington,Art,8471.050095761759,A,
24,emilylam.ho,Art,226.30783874094632,B,
25,tinming7471,Art,148.2818217348678,B,
26,our.daily.hk,Art,43.16137392059951,D,
27,neoyau19,Art,299.93185345521545,B,"['sabrinasa', 'trialanderror924']"
28,victoriassecret,Art,132945.25406220448,A,
29,asartisticasyou,Education,40.44994597594359,D,
30,jolin_cai,Art,7583.2408658634995,A,
31,edwardmusicproduction,Music,,,
32,syanleung,Art,48.12781507206529,D,
33,jenniferyuuu,Art,303.8046346329648,B,"['kaytse', 'misselvani']"
34,ryanlau88,Art,182.22110249482185,B,
35,elaine_yiu,Art,1465.518559930673,A,"['misselvani', 'jackhero5', 'wong_manman', 'kaytse', 'owencheung', 'herachann', 'rucochan', 'toby_yanyan', 'yungchoyee', 'rosinalam', 'q_gill', 'joelshanchung', 'iamkingjer', 'yuenkaka', 'itstiffanylau', 'joyfulck', 'judy.kwong', 'paisleyhu', 'zozotam1o1o', 'momong629', 'sammy903', 'kayeepo', 'heungheungeliza', 'hubertwu', 'mayannem', 'therivergirl', 'hoi1218', 'tavia_yeung', 'kwangorrrrrr', 'lokyilai', 'roxannetong', 'kan_jessica', 'punkhippie', 'vincentwong07', 'sqwhat', 'gloriapuiyeetang', 'lisa_chng', 'jwchubz', 'gwgurlie86', 'nwuuu', 'wongtsuiyu', 'numberonepr', 'sammkoling', 'tracytschu', 'falachenfala', 'sammi_chengsauman', 'kootinlok_louis', 'karl_ting', 'hinscheung', 'shi_ga', 'kaman_kong', 'louischeung2013', 'jacquelinebwong', 'vvyeo', 'lukhoo', 'honganc', 'sisleychoi', 'laiwinki', 'natalietong53', 'rahrahsong', 'missjni', 'ghlchan', 'kittyyuen', 'matthew_hkp', 'hui_alfred', 'snow711', 'joeythyee', 'sharonchanmanchi', 'wang_liza', 'wongmanyik', 'kungkaty', 'yeungchinwah', 'lawjoey', 'kelly.fuu', 'fredcheng83', 'jinnyng', 'wongkalok1214', 'kandybubu', 'tvbcomhk', 'princejoyce', 'rebecca_zhu', 'louisa_mak', 'kelllycheung', 'jacquelinchng', 'myoliemyolie', 'tinyuilee', 'tsuiwing0807', 'selenaleelalee', 'karenalamkayan', 'guruhung', 'kalok_']"
36,numberonepr,,77.58684237593648,D,"['wong_cho_lam', 'wang_liza', 'yeungchinwah', 'sammi_chengsauman', 'real_ting', 'owencheung', 'princejoyce', 'yungchoyee', 'roxannetong', 'vvyeo', 'rosinalam', 'punkhippie', 'physit', 'sisleychoi', 'nwuuu', 'selenaleelalee', 'sammy903', 'sharonchanmanchi', 'wongtsuiyu']"
37,mandieskwok,Art,280.89785074117185,B,
38,manyeeb,Art,122.3618066508546,C,
39,kimi_chiuchiu,Art,300.00947103376666,B,
40,whitney.hui,Art,92.15876724183885,C,
41,welbychung,Art,5.324922558035625,D,
42,wifiegg,Art,25.955534744120797,D,
43,crystalyannie,,4.819953369725465,D,
44,emilyszemei,Art,145.6085219809854,B,
45,100mosthk,Art,,,"['misselvani', 'davidbeckham', 'heidibibe', 'stboo', 'concertyy', 'lalalalisa_m', 'chrissienana', 'zelia', 'charmainefong', 'falachenfala', 'deegor_hkwa', 'sammi_chengsauman', 'dior', 'chanelofficial', 'yeungchinwah', 'chapmantoslateshow', '9gag', 'kaytse', 'cheungkalonggggg', 'kootinlok_louis', 'mreasonchan', 'fhproductionhk', 'hinscheung', 'heungheungeliza', '_kisang_', 'do_do_cheng', 'aliaime', 'princejoyce', 'louischeung2013', 'manner__official', 'edanlui', 'kwangorrrrrr', 'bob_lamshingbun', 'yungchoyee', 'mcheung1201', 'lihkg.forum', 'fatboyip', 'coffee89921', 'punkhippie', 'terencelam0903', 'gwendolyn.spot', 'iamkingjer', 'physit', 'jennierubyjane', 'sqwhat', 'jwchubz', 'pumpkinjojoinstagram', 'jaychou', 'angela.yuen', 'hanatam', 'choisaaaa', 'yingcaier', 'neoyau19', 'gwgurlie86', 'laurinda_ho', 'pomatohk', 'jeremylaous', 'ghlchan', 'ansonlht', 'sammy903', 'suechangg', 'kittyyuen', 'iancychan', 'hui_alfred', 'guruhung', 'wongtsuiyu', 'keung_show', 'kb_kevinboy', 'deniskwok193']"
46,yehyan426,Art,31.68614847250474,D,
47,cherrymeme__,Art,33.37746034984954,D,
48,lexituan,Art,,,
49,pinkicon_shop,Art,131.46522375922066,C,
50,hkprideparade,,14.75015783467433,D,
51,goodasgoldliving,Art,,,
52,izzue,Art,117.92751689641872,C,
53,babyxshadow,Art,92.17454220806012,C,
54,kirbysau,Art,120.74654326611392,C,
55,dreamy_touch,Art,731.4233725780008,A,
56,paulgoor,Art,123.37032536856056,C,
57,w___toko,Art,,,
58,heidi_fpdrawings.hk,Art,18.44042448256452,D,
59,cheungstanley,Art,,,
60,vocemagazine,Art,795.8814939858821,A,
61,wong_manman,Art,1332.5732514165206,A,"['wongtsuiyu', 'yeungchinwah', 'yungchoyee']"
62,hungrytv.hk,,179.83320735545743,B,
63,moonieckm,Art,226.37898200564035,B,
64,bowiechoibuiyi,Art,42.32167257343489,D,
65,phyleefehleh,Art,,,
66,missjni,Art,1233.864121681952,A,"['numberonepr', 'sammkoling', 'wongmanyik', 'tracytschu', 'yeungchinwah', 'sammi_chengsauman', 'wong_manman', 'princejoyce', 'rucochan', 'yungchoyee', 'roxannetong', 'myoliemyolie', 'rosinalam', 'punkhippie', 'vincentwong07', 'physit', 'sqwhat', 'sisleychoi', 'natalietong53', 'zozotam1o1o', 'nwuuu', 'momong629', 'selenaleelalee', 'sammy903', 'snow711', 'sharonchanmanchi', 'wongtsuiyu']"
67,sandytooooo,Art,,,
68,axleviolet,,15.917292146195528,D,
69,florinda.ho,Art,,,
70,beaconcollegehk,Education,122.71887425242176,C,
71,xmini.official,,3.0233508203457675,D,
72,clau_slimes,,97.73424975758992,C,
73,cheungyauyu,Art,,,
74,theworlds50best,Art,2565.535537143277,A,
75,yan512,Art,99.020649412362,C,
76,billy_onstage,Art,,,
77,yeunghatou,Art,126.74459389001896,C,
78,tedzted,,142.4541575674524,B,
79,bertliu744,Art,17.05101979725814,D,
80,viutv,Art,704.1694250516454,A,
81,rickysham,Art,,,
82,choy_ian,Art,94.57831625810816,C,
83,carlosbb,Art,272.2285891716837,B,"['hubertwu', 'misselvani', 'numberonepr', 'wongmanyik', 'chrissienana', 'yeungchinwah', 'sammi_chengsauman', 'jackhero5', 'jinnyng', 'kaytse', 'hinscheung', 'do_do_cheng', 'louischeung2013', 'louisa_mak', 'kwangorrrrrr', 'kelllycheung', 'yungchoyee', 'roxannetong', 'punkhippie', 'elaine_yiu', 'jwchubz', 'natalietong53', 'crystalfyy', 'missjni', 'ghlchan', 'sammy903', 'guruhung', 'wongtsuiyu', 'heungheungeliza']"
84,saffiesaffie,Art,91.86490344962036,D,
85,lokyin_cg,Art,3.9739114759927103,D,
86,wongyuenb,Art,374.8909440010354,A,"['yeungchinwah', 'yungchoyee']"
87,polly.cpl,Art,123.8150388123312,C,
88,jumbotsang,Art,1056.8203855464883,A,
89,pelilam,Art,5.428416402598852,D,
90,gedition.co,Art,11.387333915535626,D,
91,bake.your.own,Art,52.84405943570524,D,
92,iloveqq,Art,241.2129088979117,B,
93,mastamic,Art,28.44685069190469,D,
94,neomusicproduction,Art,,,
95,boboy831,Art,18.5198190360106,D,
96,smilesproduction,,5.364164964513332,D,
97,kovischa_,,31.656479459433893,D,
98,bowiecheungx,Art,,,
99,maverick_au,,,,
100,bennieandmaple,Art,375.5108451847324,A,
101,sineo_sy,Art,81.7216255800541,D,
102,minimoofashion,Art,19.760462878076616,D,
103,rachellyt,Art,11.782402134309356,D,
104,refife.official,Art,1020.0808776915788,A,
105,ciao_kitchen,Art,122.691709825543,C,
106,drcarenyoga,,,,
107,stefanwch,Art,118.19985901985704,C,
108,kaylachi215,,,,
109,aimeechan_official,Art,875.8162124721315,A,"['sammi_chengsauman', 'hinscheung']"
110,kitling_,Art,207.9580943280228,B,
111,echodancehk,,,,
112,tortikannuchka,Art,2084.0851091278723,A,
113,jawnha,Art,289.2213203064033,B,
114,kinjaz,Art,1714.127912956745,A,
115,ohkoeboo,Art,4.342323918458006,D,
116,shamshirley,Art,368.9902556495681,A,
117,chakwilliam,Art,89.63402044225346,D,"['hubertwu', 'wang_liza', 'sammkoling', 'derekwong726', 'chenchiyiu', 'kungkaty', 'sammi_chengsauman', 'lawjoey', 'jackhero5', 'kelly.fuu', 'wong_manman', 'kaytse', 'jinnyng', 'owencheung', 'hinscheung', 'nostalgicoutlaw', 'kayeepo', 'kandybubu', 'do_do_cheng', 'hoi1218', 'rebecca_zhu', 'kaman_kong', 'louisa_mak', 'louischeung2013', 'rucochan', 'jacquelinebwong', 'kwangorrrrrr', 'toby_yanyan', 'kelllycheung', 'lokyilai', 'yeunghatou', 'roxannetong', 'vvyeo', 'myoliemyolie', 'rosinalam', 'lukhoo', 'joelshanchung', 'vincentwong07', 'gloriapuiyeetang', 'honganc', 'elaine_yiu', 'sisleychoi', 'jwchubz', 'yiplinsum', 'laiwinki', 'natalietong53', 'lisa_chng', 'crystalfyy', 'choisaaaa', 'gwgurlie86', 'nwuuu', 'edwinsiu', 'momong629', 'ghlchan', 'sammy903', 'matthew_hkp', 'snow711', 'guruhung', 'wongtsuiyu', 'heungheungeliza', 'danielchau928']"
118,tobey.m___,,2.157064270822149,D,
119,francois.delaire,Art,12.972737034000454,D,
120,tysonchak,Art,26.35062659198633,D,
121,meendeenjinggung,Art,197.2272967629586,B,
122,vnthota,Art,,,
123,melvinjohnrodas,Art,16.313242267363268,D,
124,kamchi_chan,Art,93.57606396532522,C,
125,helpmesee,Art,8.048559048230223,D,
126,yeunganne,Art,,,
127,fridaylahk,,,,
128,cookingsiulam,Education,,,
129,elihanaelia,Art,,,
130,kakikakileung,Art,179.4161780609223,B,
131,facda,Art,3.4735987484854984,D,
132,bobsyouruncle1981,Art,,,
133,vivicheung_runner,,,,
134,algogo,Art,,,
135,layzhang,Art,25280.24229089625,A,
136,afterschool_hk,Education,170.9783140044999,B,
137,chungkayanlinda,Art,,,"['wang_liza', 'misselvani', 'numberonepr', 'sammkoling', 'stboo', 'concertyy', 'wongmanyik', 'lalalalisa_m', 'tracytschu', 'falachenfala', 'kungkaty', 'yeungchinwah', 'sammi_chengsauman', 'wong_manman', 'jinnyng', 'kaytse', 'kootinlok_louis', 'hinscheung', 'nk830', 'kandybubu', 'do_do_cheng', 'princejoyce', 'rebecca_zhu', 'louisa_mak', 'louischeung2013', 'tavia_yeung', 'jacquelinebwong', 'kwangorrrrrr', 'kelllycheung', 'yungchoyee', 'lokyilai', 'roxannetong', 'vvyeo', 'myoliemyolie', 'coffee89921', 'rosinalam', 'guruhung', 'punkhippie', 'iamkingjer', 'physit', 'sqwhat', 'jennierubyjane', 'honganc', 'elaine_yiu', 'joyfulck', 'jwchubz', 'natalietong53', 'rahrahsong', 'yingcaier', 'paisleyhu', 'gwgurlie86', 'nwuuu', 'ghlchan', 'selenaleelalee', 'sammy903', 'snow711', 'sharonchanmanchi', 'wongtsuiyu', 'heungheungeliza']"
138,nigo,Art,2448.068092878962,A,
139,esther_xinti,Art,,,
140,clubmonaco,Art,,,
141,occasionspr,Art,15.835994261053786,D,
142,kasper0524,Art,,,
143,roxannetong,Art,1215.023170482363,A,"['wang_liza', 'sammkoling', 'wongmanyik', 'tracytschu', 'sammi_chengsauman', 'wong_manman', 'shi_ga', 'toby_yanyan', 'yeunghatou', 'yungchoyee', 'vvyeo', 'sukman_lam', 'vincentwong07', 'sisleychoi', 'zozotam1o1o', 'selenaleelalee', 'sammy903', 'snow711', 'sharonchanmanchi', 'wongtsuiyu']"
144,rosinalam,Art,,,"['wang_liza', 'sammkoling', 'tracytschu', 'sammi_chengsauman', 'sammicheung926', 'wong_manman', 'rucochan', 'tavia_yeung', 'yungchoyee', 'roxannetong', 'vvyeo', 'vincentwong07', 'sisleychoi', 'zozotam1o1o', 'selenaleelalee', 'sammy903', 'snow711', 'sharonchanmanchi', 'wongtsuiyu']"
145,rickykazaf,Art,,,
146,dannysummermusic,Art,,,
147,equeen1113,Art,,,
148,plasticthing,Art,,,
149,baibaihe_yep,,,,
150,timeouthk,Art,164.6660312276507,B,
151,yeungyatka,Art,,,
152,ninabb66,Art,240.7576474681329,B,
153,bonnieyiuu,Art,76.05055776675486,D,
154,apmhk,Art,,,
155,sweetymagic_hk,Art,114.78704652974496,C,
156,avabibu,Art,,,
157,maybemeii,Art,9.392993999470209,D,
158,stephaniehsau,Art,,,
159,wonghoyinraymond,Art,,,
160,cedricgrolet,Art,4021.630403951252,A,
161,sidebyside_solvency,Art,,,
162,sammicheung926,,255.6487196337713,B,
163,lokyilai,Art,572.3890138014626,A,"['numberonepr', 'misselvani', 'sammkoling', 'wang_liza', 'mayannem', 'tracytschu', 'verbeeshiu', 'yeungchinwah', 'sammi_chengsauman', 'sammicheung926', 'wong_manman', 'owencheung', 'nostalgicoutlaw', 'shi_ga', 'princejoyce', 'rebecca_zhu', 'louischeung2013', 'louisa_mak', 'rucochan', 'toby_yanyan', 'yeunghatou', 'roxannetong', 'vvyeo', 'myoliemyolie', 'rosinalam', 'lukhoo', 'punkhippie', 'vincentwong07', 'yuenkaka', 'sisleychoi', 'natalietong53', 'missjni', 'zozotam1o1o', 'nwuuu', 'momong629', 'selenaleelalee', 'sammy903', 'matthew_hkp', 'snow711', 'sharonchanmanchi', 'wongtsuiyu']"
164,mzcca0.16,Art,126.79076548061036,C,
165,this.is.1218,Travel,,,
166,patrickng06,Art,,,
167,do_do_cheng,Art,,,"['misselvani', 'jayfungmusic', 'jackhero5', 'wong_manman', 'kaytse', 'owencheung', 'nk830', 'yannyyc', 'herachann', 'elenakongmayyee', 'rucochan', 'toby_yanyan', 'yungchoyee', 'hilaryxtsui', 'rosinalam', 'q_gill', 'joelshanchung', 'iamkingjer', 'physit', 'yuenkaka', 'itstiffanylau', 'joyfulck', 'jaychou', 'yumiko.chengy', 'yingcaier', 'paisleyhu', 'maglam_', 'zozotam1o1o', 'laurinda_ho', 'momong629', 'sammy903', 'mcshing', 'kathychow520', 'hacken1206', 'kayeepo', 'heungheungeliza', 'wong_cho_lam', 'hubertwu', 'mayannem', 'therivergirl', 'stephanie_cheng', 'rainie77', 'quicheung', 'hoi1218', 'tavia_yeung', 'edanlui', 'kwangorrrrrr', 'lokyilai', 'emmawatson', 'roxannetong', 'sandrangky', 'yuyanpeng', 'punkhippie', 'vincentwong07', 'sqwhat', 'gloriapuiyeetang', 'gigileungwingkei', 'jwchubz', 'pumpkinjojoinstagram', 'hanatam', 'gwgurlie86', 'nwuuu', 'wongtsuiyu', 'kennyjr', 'numberonepr', 'sammkoling', 'stboo', 'meikiw', 'tracytschu', 'falachenfala', 'sammi_chengsauman', 'kootinlok_louis', 'jimyan', 'karl_ting', 'nostalgicoutlaw', 'hinscheung', 'shi_ga', 'kaman_kong', 'louischeung2013', 'jacquelinebwong', 'thatdanielwu', 'vvyeo', 'fatboyip', 'lukhoo', 'lesleychianglove', 'jennierubyjane', 'honganc', 'elaine_yiu', 'sisleychoi', 'uglykwan', 'laiwinki', 'natalietong53', 'mayaoo', 'rahrahsong', 'missjni', 'lucy.is.good', 'michellewsn', 'edwinsiu', 'ghlchan', 'kittyyuen', 'matthew_hkp', 'hui_alfred', 'snow711', 'sharonchanmanchi', 'joeythyee', 'keung_show', 'wang_liza', 'heidibibe', 'ngk', 'wongmanyik', 'lalalalisa_m', 'kungkaty', 'yeungchinwah', 'lawjoey', 'janlamb_09', 'sammicheung926', 'kelly.fuu', 'real_ting', 'jinnyng', 'fredcheng83', 'mreasonchan', 'koonella', 'kandybubu', 'tvbcomhk', 'princejoyce', 'rebecca_zhu', 'louisa_mak', 'kelllycheung', 'gigihadid', 'myoliemyolie', 'wongyuenb', 'kearenpang', 'tinyuilee', 'yiplinsum', 'victoriabeckham', 'selenaleelalee', 'karenalamkayan', 'guruhung', 'fattung924']"
168,birdieparva,Art,,,
169,mymostbeautiful_,,,,
170,kittyyuen,Art,,,"['wang_liza', 'misselvani', 'yeungchinwah', 'sammi_chengsauman', 'real_ting', 'quicheung', 'mreasonchan', 'koonella', 'shi_ga', 'princejoyce', 'louisa_mak', 'louischeung2013', 'kwangorrrrrr', 'yungchoyee', 'lokyilai', 'roxannetong', 'myoliemyolie', 'malisheep', 'lukhoo', 'punkhippie', 'physit', 'saxyphil', 'sqwhat', 'on_callstar', 'sisleychoi', 'uglykwan', 'natalietong53', 'nwuuu', 'sammy903', 'snow711', 'sharonchanmanchi', 'wongtsuiyu']"
171,jordan_tcm,Art,,,
172,kaening,Art,,,
173,hey.luxury,Art,,,
174,renefurtererhk,Art,,,
175,missjelly,Art,,,
176,sawadikap__kenny,Art,,,
177,visubal,Art,,,
178,tiffanyxtyc,Art,30.80883865692556,D,
179,jjackielauu,Art,121.9098813630383,C,
180,reginahyt,Art,,,
181,rabeeayeung,Art,,,
182,mangielo,Art,,,
183,needatajkhan,Art,291.1386987721263,B,
184,ellirose,Art,,,
185,agaseen,Art,219.28643985224232,B,"['misselvani', 'concertyy', 'jayfungmusic', 'sammi_chengsauman', 'kaytse', 'hinscheung', 'shi_ga', 'kandybubu', 'do_do_cheng', 'aliaime', 'princejoyce', 'louischeung2013', 'kwangorrrrrr', 'bob_lamshingbun', 'yungchoyee', 'punkhippie', 'aka_chio', 'terencelam0903', 'iamkingjer', 'physit', 'saxyphil', 'jwchubz', 'mayaoo', 'maglam_', 'laurinda_ho', 'nwuuu', 'ghlchan', 'alexfongliksun', 'sammy903', 'hui_alfred', 'wongtsuiyu', 'alamfish']"
186,esquirehk,Art,,,
187,chiangel1110,Art,253.47999107215708,B,"['sammkoling', 'kungkaty', 'jackhero5', 'jinnyng', 'owencheung', 'kandybubu', 'louisa_mak', 'kelllycheung', 'roxannetong', 'lukhoo', 'elaine_yiu', 'sisleychoi', 'jwchubz', 'crystalfyy', 'gwgurlie86', 'ghlchan', 'snow711', 'wongtsuiyu', 'kayeepo']"
188,oneone.siu,Art,,,
189,iamchoiching,Music,,,
190,brianyuen_chico,Art,,,
191,vvyeo,Art,,,"['yeunghatou', 'wongtsuiyu', 'zozotam1o1o', 'wong_manman']"
192,minchen333,Art,,,
193,lovestoryhk,Art,,,
194,janetchowkawai,Art,,,
195,myl31666,Art,,,
196,kyo1122,Art,25107.25046962709,A,
197,tinyuilee,Art,911.5540718632924,A,"['wongtsuiyu', 'yeungchinwah', 'yungchoyee']"
198,kaikaiko,Art,,,
199,polocyl,Travel,,,
200,showoffhk,Acting/Media,2.2223776507355364,D,
201,bread_bulubulu,Art,,,
202,foodki.may,,,,
203,chefsroll,Art,,,
204,graceip,Art,,,
205,willpan23,Art,,,
206,sheryl_leung,Art,,,
207,tingho.zayn,Art,,,
208,tyreseakf,Art,,,
209,mensunohk,Art,,,
210,misslilyho,Art,77.92823895575462,D,
211,yancychu,Art,,,
212,checkcheckcin,Art,,,
213,torontofoodvibes,Art,,,
214,coffeecmakeup,Beauty,1.7942996419575457,D,
215,bmb_bakery,Art,159.34481917186966,B,
216,eat_travel_weekly,,,,
217,ellagross,Art,,,"['misselvani', 'hinscheung']"
218,thewavehk,Art,3.608251990073494,D,
219,chloeleongg_,Art,,,
220,official.angelahang,Art,3.7906747369616967,D,
221,haiirplay,Art,,,
222,dydybbbb,Art,,,
223,dimdim1125,Travel,108.73081118775954,C,
224,she.c0m,Art,187.0526768498952,B,
225,bakedindulgence,Art,26.094475212651435,D,
226,sis_official_ig,,,,
227,nabwork,Art,,,
228,vivihk_official,,9.750046194970013,D,
229,oonatashaoo,Art,140.15725433114412,C,
230,kingyu__,Art,6.355122444940545,D,
231,sophiachang,Art,942.521719464897,A,
232,sumsum_dessert,Art,108.4471835481304,C,
233,wayne_ky,Art,23.31942768076904,D,
234,chenghao.shih,Art,128.18037805485713,C,
235,tanya.tintin,Art,23.069438781885008,D,
236,felicetrips,,16.241743447500227,D,
237,hkfoodie_lifestyle,,58.088277579759634,D,
238,boo_chong,Art,,,
239,mansonvibes,Music,,,
240,elenakongmayyee,Art,321.2013325711229,A,"['gwgurlie86', 'sammkoling', 'nwuuu', 'ghlchan', 'selenaleelalee', 'kungkaty', 'kaman_kong', 'sammi_chengsauman', 'louisa_mak', 'sharonchanmanchi', 'wongtsuiyu']"
241,ahfavslife,Art,155.05647384107007,B,
242,alysonhau,Art,7.491879707213829,D,
243,greenmonday.david,Art,,,
244,kerrytachau,Art,,,
245,heyclaire,Art,1142.056061591164,A,
246,guillaumemabilleau,Art,541.5326522758426,A,
247,cosstores,Art,,,
248,rainkywai,Art,,,
249,manner__official,Art,,,
250,yellowhk_ig,,,,
251,craigdavid,Art,,,
252,ballqueen,Art,,,
253,jaer_tattoo,Art,,,
254,_marimadrid,Art,437.50847296594833,A,
255,davezhangphoto,,,,
256,sofiee_ng,Art,,,
257,byeian,Art,,,
258,sammi_chengsauman,Art,,,"['wang_liza', 'sammkoling', 'stboo', 'wongmanyik', 'tracytschu', 'yeungchinwah', 'wong_manman', 'shi_ga', 'yannyyc', 'tavia_yeung', 'thatdanielwu', 'yungchoyee', 'vvyeo', 'sandrangky', 'yuyanpeng', 'wongyuenb', 'vincentwong07', 'saxyphil', 'yuenkaka', 'sqwhat', 'tinyuilee', 'sisleychoi', 'yiplinsum', 'yumiko.chengy', 'taylorswift', 'yingcaier', 'zozotam1o1o', 'victoriabeckham', 'selenaleelalee', 'sammy903', 'snow711', 'sharonchanmanchi', 'wongtsuiyu']"
259,maanavihomes,Art,290.22586929643103,B,
260,foodsearchers,,,,
261,jlin7,Art,,,
262,nozomisasaki_official,Art,,,
263,malisheep,Art,,,
264,solvilettitusofficial,Art,19.760462878076616,D,
265,edwinsiu,Art,,,"['hubertwu', 'misselvani', 'mayannem', 'sammkoling', 'wang_liza', 'tracytschu', 'kungkaty', 'lawjoey', 'sammi_chengsauman', 'jackhero5', 'wong_manman', 'kaytse', 'owencheung', 'hinscheung', 'kandybubu', 'hoi1218', 'louischeung2013', 'louisa_mak', 'tavia_yeung', 'kwangorrrrrr', 'kelllycheung', 'lokyilai', 'yungchoyee', 'roxannetong', 'vvyeo', 'myoliemyolie', 'rosinalam', 'lukhoo', 'joelshanchung', 'punkhippie', 'vincentwong07', 'elaine_yiu', 'sisleychoi', 'jwchubz', 'laiwinki', 'natalietong53', 'missjni', 'gwgurlie86', 'sharonchanmanchi', 'nwuuu', 'zozotam1o1o', 'ghlchan', 'selenaleelalee', 'sammy903', 'matthew_hkp', 'guruhung', 'wongtsuiyu', 'heungheungeliza']"
266,nwuuu,Art,2657.95675194602,A,"['wang_liza', 'sammkoling', 'stboo', 'wongmanyik', 'tracytschu', 'wonghoyinraymond', 'yeungchinwah', 'sammi_chengsauman', 'therivergirl', 'wong_manman', 'owencheung', 'shi_ga', 'tvbcomhk', 'princejoyce', 'rebecca_zhu', 'rucochan', 'tavia_yeung', 'toby_yanyan', 'yungchoyee', 'yeunghatou', 'roxannetong', 'vvyeo', 'yuyanpeng', 'q_gill', 'rosinalam', 'punkhippie', 'vincentwong07', 'physit', 'sqwhat', 'sisleychoi', 'yiplinsum', 'rahrahsong', 'yingcaier', 'paisleyhu', 'zozotam1o1o', 'straightblast5', 'selenaleelalee', 'sammy903', 'snow711', 'sharonchanmanchi', 'wongtsuiyu']"
267,mytvsuper,Art,,,
268,uglykwan,Art,,,
269,claudiepierlot,Art,,,
270,valeriesyw,Art,8.372151721190239,D,
271,model_sweet02,,,,
272,rona.tsui,Art,,,
273,c_allstar,Art,96.7771296106796,C,
274,phoebspang,Art,97.3753012366614,C,
275,tarikedizofficial,Art,,,
276,sharonchanmanchi,Art,,,"['vvyeo', 'wang_liza', 'zozotam1o1o', 'yungchoyee', 'vincentwong07', 'tracytschu', 'yeungchinwah', 'snow711', 'tavia_yeung', 'wongtsuiyu', 'sisleychoi', 'wong_manman']"
277,llokmann,Art,,,"['tiger_yny', 'stanleysc_']"
278,theyeechoo,,39.65192676933927,D,
279,santiagokwok12,Art,,,
280,yanyan_c,Art,,,
281,mr_n_mrs_moon,Travel,,,
282,jerry_liu,Art,4.267992886359127,D,
283,theartofplating,Art,1614.8903837449789,A,
284,leoku,Art,258.1471335622511,B,
285,licharlia,Art,,,
286,cherryhui0925,,,,
287,pamelacheung,Art,349.38785426707256,A,
288,kwcmh,Art,4.028903979735919,D,
289,rene_superawesome,Art,112.8538930978008,C,
290,privatezoo,Acting/Media,,,
291,_kisang_,Art,,,"['misselvani', 'concertyy', 'deegor_hkwa', 'frankie729', 'jacechw', 'kootinlok_louis', 'altonwongz', 'hinscheung', 'edanlui', 'mcheung1201', 'mirror.weare', 'fatboyip', 'terencelam0903', 'iamkingjer', 'k_p0k1', 'pumpkinjojoinstagram', 'ahfa0908', 'stanleysc_', 'llokmann', 'deniskwok193', 'jeremylaous', 'ansonlht', 'tiger_yny', 'iancychan', 'keung_show', 'kb_kevinboy', 'jeremy_0908']"
292,teodorta,Art,,,
293,mai.journal,Art,,,
294,crayon_shinchan1314,Art,,,
295,jungraphy_,Art,,,
296,yogachung,Art,,,
297,joanneyew_,Art,,,
298,playmaker,Art,,,
299,ww917,Art,7.163761945810399,D,
300,kikomilano,Art,,,
301,lokyi_mui,Art,84.4607376739438,D,
302,as1.entertainment,Acting/Media,,,
303,rositakpyy,Art,,,
304,ameyummycollection,Art,,,
305,hakkaphil,Art,,,
306,awansauce,Art,,,"['sammi_chengsauman', 'jackhero5', 'wong_manman', 'kaytse', 'do_do_cheng', 'chakwilliam', 'hoi1218', 'bob_lamshingbun', 'roxannetong', 'vvyeo', 'elaine_yiu', 'jwchubz', 'choisaaaa', 'gwgurlie86', 'sharonchanmanchi', 'nwuuu', 'ghlchan', 'sammy903', 'guruhung', 'wongtsuiyu', 'heungheungeliza']"
307,jacquelinewong0205,Art,,,
308,andreaso_,Art,,,"['wang_liza', 'misselvani', 'sammkoling', 'mayannem', 'derekwong726', 'chenchiyiu', 'numberonepr', 'kungkaty', 'lawjoey', 'bella_lam', 'jackhero5', 'jinnyng', 'arryuu', 'owencheung', 'hinscheung', 'kandybubu', 'do_do_cheng', 'hoi1218', 'chakwilliam', 'kaman_kong', 'louisa_mak', 'louischeung2013', 'bob_lamshingbun', 'kelllycheung', 'lokyilai', 'roxannetong', 'snow711', 'kan_jessica', 'rosinalam', 'lukhoo', 'sukman_lam', 'gloriapuiyeetang', 'itstiffanylau', 'elaine_yiu', 'sisleychoi', 'jwchubz', 'judy.kwong', 'ashley_ellabel', 'crystalfyy', 'bobcyp1005', 'gwgurlie86', 'missjni', 'nwuuu', 'momong629', 'ghlchan', 'matthew_hkp', 'joeythyee', 'wongtsuiyu']"
309,fen_yuen,,,,
310,janetagram,Art,,,
311,keyforfood,Art,,,
312,orlinskishop,Art,,,
313,wuyanching,Art,,,
314,natgeointhefield,Art,,,
315,blissmeetingfilm,Art,,,
316,kimmanw,Music,36.60296802806776,D,
317,herachann,Art,,,"['hubertwu', 'misselvani', 'sammkoling', 'wang_liza', 'mayannem', 'lalalalisa_m', 'lawjoey', 'jinnyng', 'owencheung', 'hinscheung', 'kayeepo', 'kandybubu', 'hoi1218', 'kaman_kong', 'louischeung2013', 'louisa_mak', 'kelllycheung', 'lokyilai', 'roxannetong', 'snow711', 'lukhoo', 'jennierubyjane', 'itstiffanylau', 'sisleychoi', 'jwchubz', 'laiwinki', 'sammy903', 'matthew_hkp', 'joeythyee', 'wongtsuiyu', 'heungheungeliza']"
318,lqamy,Art,,,
319,limankit_lizli,Travel,,,
320,gracechowwwww,Art,4261.660670837184,A,
321,szetosifu,Art,93.4130972418191,C,
322,saxyphil,Art,274.5463904099572,B,
323,miyeonjj,Art,,,
324,mingfai_yick,Art,,,
325,siuhinng,Art,57.42146727528501,D,
326,candies_wawa,Art,,,
327,yangyangfavour,Art,,,
328,no7,Art,,,
329,jam_cutepig,Art,821.044518580363,A,
330,hcfiona,Art,,,
331,iamkennethlau,Education,,,
332,levis,Art,,,
333,53yfp,Art,,,
334,kasin520,Art,,,
335,skechershk,Art,17.447992564488533,D,
336,dearjaneofficial,Art,232.428846978232,B,
337,margaretzhang,Art,2762.092969536599,A,
338,thefoodpunch,,,,
339,joelshanchung,Art,570.4225433810719,A,"['wang_liza', 'sammkoling', 'wonghoyinraymond', 'lawjoey', 'sammi_chengsauman', 'wong_manman', 'kaytse', 'louisa_mak', 'louischeung2013', 'rucochan', 'tavia_yeung', 'kwangorrrrrr', 'lokyilai', 'roxannetong', 'vvyeo', 'myoliemyolie', 'rosinalam', 'lukhoo', 'punkhippie', 'sisleychoi', 'jwchubz', 'natalietong53', 'nwuuu', 'selenaleelalee', 'sammy903', 'matthew_hkp', 'sharonchanmanchi', 'wongtsuiyu']"
340,callstar.assemble,Music,,,
341,zpecial_hk,Art,,,
342,amy.chai.is.drawing,Art,,,
343,_chellechan,Art,5.480119363298859,D,
344,terencelam0903,Art,,,
345,ashaetc,Art,,,
346,sonyaaa_ly,Art,,,
347,rucochan,Art,,,"['wongtsuiyu', 'vincentwong07', 'sammi_chengsauman']"
348,chankawoon,Art,,,
349,davidbeckham,Art,,,"['misselvani', 'ngk', 'lalalalisa_m', 'falachenfala', 'yeungchinwah', 'sammi_chengsauman', 'dior', 'kaytse', 'hinscheung', 'kandybubu', 'do_do_cheng', 'princejoyce', 'louischeung2013', 'yungchoyee', 'emmawatson', 'gigihadid', 'q_gill', 'punkhippie', 'kendalljenner', 'iamkingjer', 'sqwhat', 'physit', 'prada', 'jaychou', 'victoriabeckham', 'ghlchan', 'sammy903', 'heungheungeliza']"
350,lawjoey,Art,,,"['wang_liza', 'mayannem', 'sammkoling', 'tracytschu', 'sammi_chengsauman', 'sammicheung926', 'wong_manman', 'nostalgicoutlaw', 'owencheung', 'shi_ga', 'rebecca_zhu', 'louischeung2013', 'rucochan', 'louisa_mak', 'toby_yanyan', 'lokyilai', 'tingfung0602', 'roxannetong', 'vvyeo', 'rosinalam', 'lukhoo', 'punkhippie', 'vincentwong07', 'lisa_chng', 'sisleychoi', 'natalietong53', 'missjni', 'zozotam1o1o', 'nwuuu', 'straightblast5', 'momong629', 'selenaleelalee', 'sammy903', 'matthew_hkp', 'snow711', 'sharonchanmanchi', 'wongtsuiyu']"
351,jillieong,Art,,,
352,hkdisneyland,Art,,,
353,benz_hui,Art,,,
354,carrielam.hksar,Art,,,
355,tsetakhim,Art,8.775918340497409,D,
356,jwchubz,Art,,,"['numberonepr', 'misselvani', 'sammkoling', 'mayannem', 'wang_liza', 'wongmanyik', 'lalalalisa_m', 'tracytschu', 'kungkaty', 'yeungchinwah', 'lawjoey', 'sammi_chengsauman', 'yuduck', 'real_ting', 'wong_manman', 'kaytse', 'kootinlok_louis', 'mreasonchan', 'karl_ting', 'owencheung', 'koonella', 'shi_ga', 'kandybubu', 'yannyyc', 'princejoyce', 'kaman_kong', 'louischeung2013', 'louisa_mak', 'kwangorrrrrr', 'kelllycheung', 'lokyilai', 'yungchoyee', 'mcheung1201', 'roxannetong', 'vvyeo', 'myoliemyolie', 'rosinalam', 'lukhoo', 'q_gill', 'punkhippie', 'vincentwong07', 'physit', 'saxyphil', 'sqwhat', 'tinyuilee', 'sisleychoi', 'yiplinsum', 'laiwinki', 'natalietong53', 'mayaoo', 'missjni', 'paisleyhu', 'zozotam1o1o', 'nwuuu', 'laurinda_ho', 'michellewsn', 'momong629', 'selenaleelalee', 'sammy903', 'karenalamkayan', 'kittyyuen', 'matthew_hkp', 'snow711', 'sharonchanmanchi', 'wongtsuiyu', 'kayeepo']"
357,bonnieschan,,,,
358,aliceha,,,,
359,yacouoff,Art,251.89325331131076,B,
360,omgbasketball_hk,Art,,,
361,amandastrang_,Art,93.79042925962963,C,
362,cotton_ckc,Art,299.1277757126388,B,
363,ipsvipclub,Art,290.76115886536314,B,
364,annabella.woo,Art,109.03271837979524,C,
365,lgvietnam,Art,,,
366,leekwunyu,Art,,,
367,shangrilayt,Art,,,
368,fungpoyan,Art,71.29837796512183,D,
369,edanlui,Art,,,"['lam2', 'kayan9896', 'misselvani', 'viutv', 'gareth_tong', 'lalalalisa_m', 'jayfungmusic', 'sammi_chengsauman', 'l_for_louise', 'frankie729', 'kaytse', 'jimyan', 'jacechw', 'pantherchan', 'kootinlok_louis', 'hinscheung', 'mikeeeee___', 'princejoyce', 'louischeung2013', 'fish331', 'yungchoyee', 'mcheung1201', 'mirror.weare', 'fatboyip', 'terencelam0903', 'gwendolyn.spot', 'iamkingjer', 'kearenpang', 'physit', 'jennierubyjane', 'k_p0k1', 'pumpkinjojoinstagram', 'jaychou', 'mayaoo', 'hanatam', 'neoyau19', 'stanleysc_', 'gwgurlie86', 'llokmann', 'lauchunhim.terrance', 'jeremylaous', 'sammy903', 'tiger_yny', 'iancychan', 'hui_alfred', 'kakisham', 'ilovemyoq', 'keung_show', 'kb_kevinboy', 'jeremy_0908']"
370,lynnx1010,Art,146.77698311364995,B,
371,kabeecheung,,,,
372,cynthia.m.s,Art,,,
373,lam1hey,Art,,,"['sammy903', 'sammi_chengsauman']"
374,bie_l,Art,,,
375,xeniachong,Art,,,
376,king_mcwhorter,Art,99.4535576175846,C,
377,hailey_jane,Art,,,
378,mikiyeung,Art,188.2529997484146,B,
379,dude_clothing,,76.94583530132988,D,
380,utravel,Art,445.3164075750199,A,
381,barrettbott,Art,130.91414339461647,C,
382,wolf_ytbbbb,Art,,,
383,melomelojai,Art,,,
384,matthew_hkp,Art,362.2744218471519,A,"['wang_liza', 'misselvani', 'mayannem', 'sammkoling', 'sammi_chengsauman', 'wong_manman', 'owencheung', 'tvbcomhk', 'yungchoyee', 'roxannetong', 'rosinalam', 'punkhippie', 'vincentwong07', 'sisleychoi', 'natalietong53', 'missjni', 'zozotam1o1o', 'nwuuu', 'momong629', 'sammy903', 'snow711', 'wongtsuiyu']"
385,llh.story,Art,,,
386,zaak6naam4,Art,101.60316515213734,C,
387,angelc_ky,Art,142.73649875498003,B,
388,kikoleungyan,Art,147.16716477416566,B,
389,meethkcom,Art,367.8937792562317,A,
390,lidi_k,Art,132.29939125219985,C,
391,hoccgoomusic,Art,756.5503776278074,A,"['kaytse', 'sammi_chengsauman']"
392,harpersbazaarhk,Art,,,
393,fredcheng83,Art,,,"['hubertwu', 'misselvani', 'yeungchinwah', 'sammi_chengsauman', 'kaytse', 'jinnyng', 'hinscheung', 'kandybubu', 'louischeung2013', 'kwangorrrrrr', 'yungchoyee', 'punkhippie', 'honganc', 'jwchubz', 'gwgurlie86', 'ghlchan', 'sammy903', 'snow711', 'guruhung', 'wongtsuiyu', 'heungheungeliza']"
394,city_sketch,Art,,,
395,georgiakategordon,Art,,,
396,coffee89921,Art,1746.784120284967,A,"['misselvani', 'davidbeckham', 'heidibibe', 'stboo', 'ngk', 'concertyy', 'wongmanyik', 'lalalalisa_m', 'gregorywong', 'falachenfala', 'kungkaty', 'yeungchinwah', 'sammi_chengsauman', 'rainie77', 'real_ting', 'kaytse', 'jacechw', 'kootinlok_louis', 'hinscheung', 'koonella', 'yannyyc', 'kandybubu', 'do_do_cheng', 'princejoyce', 'louischeung2013', 'louisa_mak', 'kelllycheung', 'yungchoyee', 'mcheung1201', 'roxannetong', 'snow711', 'fatboyip', 'q_gill', 'tosiukiu', 'punkhippie', 'terencelam0903', 'physit', 'iamkingjer', 'sqwhat', 'jennierubyjane', 'yuenkaka', 'tinyuilee', 'elaine_yiu', 'sisleychoi', 'jwchubz', 'joyfulck', 'jaychou', 'pumpkinjojoinstagram', 'hanatam', 'yingcaier', 'missjni', 'gwgurlie86', 'lucy.is.good', 'laurinda_ho', 'michellewsn', 'suechangg', 'ghlchan', 'sammy903', 'keung_show', 'karenalamkayan', 'kittyyuen', 'hui_alfred', 'elephantdee', 'guruhung', 'wongtsuiyu', 'heungheungeliza']"
397,jwomusic,Art,,,
398,wungani,,212.71048201859665,B,
399,roma_trend,,105.89730273084622,C,
400,rikkolee,Art,89.22482665859302,D,
401,travelnphoto,Art,,,
402,icy.wong,,,,
403,michele_monique_reis,Art,,,
404,mayaoo,Art,318.2111921336413,A,"['numberonepr', 'misselvani', 'yannyyc', 'punkhippie', 'sammy903', 'princejoyce', 'sammi_chengsauman', 'real_ting', 'yungchoyee']"
405,chloechenlove,Art,,,
406,79hkartist,Art,,,
407,esteelauder_hk,Art,,,
408,elena1201,Art,,,
409,odyleung,Art,,,
410,hebeau,Art,,,
411,guruhung,Art,,,"['misselvani', 'jackhero5', 'wong_manman', 'kaytse', 'owencheung', 'yannyyc', 'rucochan', 'yungchoyee', 'rosinalam', 'joelshanchung', 'iamkingjer', 'physit', 'yuenkaka', 'zozotam1o1o', 'momong629', 'sammy903', 'kayeepo', 'heungheungeliza', 'hubertwu', 'mayannem', 'jessie_sum', 'therivergirl', 'quicheung', 'hoi1218', 'kwangorrrrrr', 'lokyilai', 'roxannetong', 'punkhippie', 'vincentwong07', 'sqwhat', 'jwchubz', 'pumpkinjojoinstagram', 'hanatam', 'gwgurlie86', 'nwuuu', 'wongtsuiyu', 'numberonepr', 'sammkoling', 'tracytschu', 'sammi_chengsauman', 'kootinlok_louis', 'hinscheung', 'shi_ga', 'kaman_kong', 'louischeung2013', 'jacquelinebwong', 'vvyeo', 'lukhoo', 'honganc', 'sisleychoi', 'uglykwan', 'laiwinki', 'natalietong53', 'mayaoo', 'rahrahsong', 'missjni', 'michellewsn', 'kittyyuen', 'matthew_hkp', 'hui_alfred', 'snow711', 'joeythyee', 'sharonchanmanchi', 'wang_liza', 'heidibibe', 'ngk', 'wongmanyik', 'kungkaty', 'yeungchinwah', 'lawjoey', 'kelly.fuu', 'real_ting', 'jinnyng', 'koonella', 'kandybubu', 'princejoyce', 'rebecca_zhu', 'louisa_mak', 'kelllycheung', 'yeunghatou', 'jacquelinchng', 'myoliemyolie', 'tinyuilee', 'selenaleelalee']"
412,yylamjayden,Art,187.2506435111578,B,
413,cheyuenyuen1228,Art,139.7918314963466,C,
414,liliankan,Art,435.9103358255371,A,
415,karena_ngs,Art,,,
416,jacechw,Art,246.53412095369987,B,"['mcheung1201', 'sabrinasa', 'kayan9896', 'jeremylaous', 'terencelam0903', 'l_for_louise', 'keung_show', 'pumpkinjojoinstagram', 'kb_kevinboy']"
417,fungblackandwhite,Art,134.8072459202831,C,
418,cherrietam,Art,,,
419,hongkong_doll,Art,430.50116609415386,A,
420,dreamsmountain_,Art,,,
421,ulifestylehk,Art,1127.610004783808,A,
422,fhproductionhk,Art,,,
423,be_hk,Art,236.99476141268133,B,
424,ohmamama,,,,
425,tv5manila,Art,,,
426,drwilliamlo,Art,,,
427,ekin_cheng_official,,,,
428,hktvbfan,Art,179.89321360187816,B,
429,kevinsamuelmpg,Art,211.15184418486507,B,
430,wysminnie,Art,136.61449265077457,C,
431,dkanipe,,100.171120053359,C,
432,reveeyewear,,137.14855615051286,C,
433,lookrightt,Art,,,
434,wingt,Art,,,
435,aloha6969,Art,162.5549726211955,B,
436,kb_kevinboy,Art,253.4495944477889,B,"['mcheung1201', 'punkhippie', 'terencelam0903', 'sammy903', 'yeungchinwah', 'sammi_chengsauman', 'louischeung2013', 'yungchoyee']"
437,emjay_bymichaelsmith,Art,,,
438,angus_cwk,Art,,,
439,kibongesexy,Art,,,
440,vivivvtam,Art,,,
441,cheungwinghong,Art,,,"['hubertwu', 'kungkaty', 'lawjoey', 'sammi_chengsauman', 'kaytse', 'owencheung', 'hinscheung', 'kandybubu', 'do_do_cheng', 'hoi1218', 'kaman_kong', 'louisa_mak', 'louischeung2013', 'kwangorrrrrr', 'lokyilai', 'lukhoo', 'elaine_yiu', 'zozotam1o1o', 'nwuuu', 'ghlchan', 'sammy903', 'wongtsuiyu']"
442,misselvani,Art,1464.7350683565974,A,"['wong_cho_lam', 'numberonepr', 'wang_liza', 'sammkoling', 'stboo', 'ngk', 'wongmanyik', 'zelia', 'tracytschu', 'yeungchinwah', 'sammi_chengsauman', 'yuduck', 'rainie77', 'real_ting', 'wong_manman', 'mreasonchan', 'quicheung', 'owencheung', 'nk830', 'shi_ga', 'yannyyc', 'princejoyce', 'yungchoyee', 'roxannetong', 'yuyanpeng', 'myoliemyolie', 'thegoodquote', 'q_gill', 'rosinalam', 'punkhippie', 'terencelam0903', 'physit', 'yuenkaka', 'sqwhat', 'sisleychoi', 'yiplinsum', 'pumpkinjojoinstagram', 'uglykwan', 'natalietong53', 'rahrahsong', 'yingcaier', 'missjni', 'zozotam1o1o', 'nwuuu', 'victoriabeckham', 'suechangg', 'selenaleelalee', 'sammy903', 'snow711', 'sharonchanmanchi', 'wongtsuiyu']"
443,ntl.fung,Art,,,
444,wongcandy,Art,,,
445,fit1world,Art,123.2507306373809,C,
446,brenlui,Art,,,
447,angelaliuy,Art,,,
448,ayanbubi,,,,
449,newmondayplus,Art,,,
450,slcofficial_,,,,
451,gwendolyn.spot,Art,292.98294910931725,B,"['lam2', 'misselvani', 'sammi_chengsauman', 'kaytse', 'jacechw', 'mreasonchan', 'hinscheung', 'princejoyce', 'louischeung2013', 'mcheung1201', 'terencelam0903', 'physit', 'tysonyoshi', 'k_p0k1', 'pumpkinjojoinstagram', 'neoyau19', 'jeremylaous', 'sammy903', 'kittyyuen', 'hui_alfred', 'keung_show', 'kb_kevinboy']"
452,eddie_ilovefood777,Art,,,
453,mcheung1201,Art,,,"['sabrinasa', 'pantherchan', 'misselvani', 'terencelam0903', 'sammy903', 'tysonyoshi', 'sammi_chengsauman', 'pumpkinjojoinstagram']"
454,bestcouple.ten,Art,113.0629918178862,C,
455,bpressk,Art,247.02992113484729,B,
456,lamtszsin413,Art,,,
457,dino_hira,Art,184.859922033304,B,
458,honam.thehusky,Art,0.5707738543611871,D,
459,kyliejennersoutfit,Art,,,
460,szekikk,Art,113.61780581354184,C,
461,moviematic,Art,450.5139244872389,A,
462,pepecrabs,Art,,,
463,lightisthenight,Art,147.5954350314326,B,
464,educational_innovations,Art,89.70808903046117,D,
465,kiwichingg,Art,,,
466,yuen_man_kit,Art,,,
467,iam.manson,Art,166.371762825531,B,
468,happykzee,Art,,,
469,torres_pit,Art,,,
470,weekendweekly,Art,889.2379656766919,A,
471,leungpakkin,Art,148.2304231640698,B,
472,em_____________,Art,,,
473,sophieysm,Art,,,
474,tosiukiu,Art,,,
475,poortravellers,Art,,,
476,lawrenceng_1999,Art,,,
477,cceciliayeung,Art,,,"['sammi_chengsauman', 'hinscheung']"
478,mikymanman,Art,,,
479,realbasketballcoach,Art,,,
480,kitling_chan,Art,,,
481,moannaxdessire,Art,,,
482,leemaishun,Art,,,
483,f.o.v_,Art,171.13791784581915,B,
484,pantinka,Art,134.1872036574326,C,
485,joshua1013,,309.201469484578,B,
486,samstailor,Art,,,
487,joeyyysze,Art,,,
488,michellewsn,Art,,,"['misselvani', 'nwuuu', 'stboo', 'yannyyc', 'wongmanyik', 'punkhippie', 'sammy903', 'physit', 'sqwhat', 'princejoyce', 'yeungchinwah', 'sammi_chengsauman', 'wongtsuiyu', 'yungchoyee']"
489,amberchann46,Art,121.28627031283791,C,
490,ziyachiang,Art,,,
491,umagazinehk,Art,612.0777174834642,A,
492,alamfish,Art,,,"['numberonepr', 'misselvani', 'stboo', 'ngk', 'concertyy', 'wongmanyik', 'falachenfala', 'jayfungmusic', 'yeungchinwah', 'sammi_chengsauman', 'chanelofficial', 'real_ting', 'kaytse', 'jimyan', 'hinscheung', 'yannyyc', 'kandybubu', 'shi_ga', 'do_do_cheng', 'princejoyce', 'louischeung2013', 'kwangorrrrrr', 'yungchoyee', 'hilaryxtsui', 'q_gill', 'punkhippie', 'iamkingjer', 'physit', 'sqwhat', 'jwchubz', 'mayaoo', 'choisaaaa', 'gwgurlie86', 'laurinda_ho', 'michellewsn', 'ghlchan', 'alexfongliksun', 'sammy903', 'keung_show', 'hui_alfred', 'guruhung', 'chrissienana', 'heungheungeliza', 'ckw720', 'kb_kevinboy']"
493,charlie1129999,Art,201.7932111974077,B,
494,beginneros,Art,351.84730844901173,A,
495,chantalebelle,Art,,,
496,w.ballade,Art,,,
497,vincychan,Art,154.84545163194244,B,
498,aikonari.art,Art,,,
499,slime3d,Art,,,
500,regenc,Art,,,
501,choccccc,Art,,,
502,jackhero5,Art,,,"['numberonepr', 'wang_liza', 'sammkoling', 'mayannem', 'misselvani', 'kungkaty', 'sammi_chengsauman', 'lawjoey', 'kelly.fuu', 'wong_manman', 'jinnyng', 'kaytse', 'owencheung', 'nostalgicoutlaw', 'kandybubu', 'tvbcomhk', 'kaman_kong', 'rebecca_zhu', 'louisa_mak', 'louischeung2013', 'jacquelinebwong', 'kwangorrrrrr', 'toby_yanyan', 'kelllycheung', 'lokyilai', 'yeunghatou', 'yungchoyee', 'roxannetong', 'kalok_', 'vvyeo', 'jacquelinchng', 'myoliemyolie', 'rosinalam', 'lukhoo', 'joelshanchung', 'sukman_lam', 'vincentwong07', 'punkhippie', 'sisleychoi', 'jwchubz', 'laiwinki', 'yiplinsum', 'natalietong53', 'missjni', 'zozotam1o1o', 'nwuuu', 'straightblast5', 'momong629', 'sammy903', 'matthew_hkp', 'snow711', 'sharonchanmanchi', 'wongtsuiyu', 'kayeepo']"
503,laiwinki,Art,418.965563175191,A,"['wang_liza', 'misselvani', 'sammkoling', 'mayannem', 'wongmanyik', 'lawjoey', 'sammi_chengsauman', 'wong_manman', 'owencheung', 'louischeung2013', 'louisa_mak', 'lokyilai', 'roxannetong', 'vvyeo', 'rosinalam', 'lukhoo', 'punkhippie', 'vincentwong07', 'sisleychoi', 'natalietong53', 'zozotam1o1o', 'nwuuu', 'momong629', 'sammy903', 'matthew_hkp', 'snow711', 'sharonchanmanchi', 'wongtsuiyu']"
504,christineng,Art,,,
505,westtung,Art,,,
506,jameswnc,Art,,,
507,innarhighfield,,88.92208295134498,D,
508,jackwu823,Art,133.36496911203062,C,
509,angelchu,Art,,,
510,fiveson5,Art,,,
511,lamlamjessie,Art,102.47585681676772,C,
512,farhanfirms,Art,,,
513,babyjohnchoi,Art,,,
514,xoxofei,Art,,,
515,misha_shia,Art,,,
516,dorothyma,Art,94.45259221359272,C,
517,footballnewsexpress,Art,,,
518,sophibae,Art,,,
519,amber.tcy,Art,184.99071515754997,B,
520,feannasswag,Art,104.8911658497432,C,
521,sabrinapingping_,Art,601.9839572653237,A,
522,ltmptofficial,Art,1759.5207094448406,A,
523,lee.chuen,Art,,,
524,chingslimeso,Art,,,
525,hoi1218,Art,,,"['hubertwu', 'wang_liza', 'mayannem', 'sammkoling', 'misselvani', 'numberonepr', 'tracytschu', 'kungkaty', 'lawjoey', 'sammi_chengsauman', 'jackhero5', 'kelly.fuu', 'wong_manman', 'jinnyng', 'kaytse', 'owencheung', 'nostalgicoutlaw', 'kandybubu', 'kaman_kong', 'louisa_mak', 'louischeung2013', 'rucochan', 'jacquelinebwong', 'kwangorrrrrr', 'kelllycheung', 'lokyilai', 'yungchoyee', 'roxannetong', 'vvyeo', 'myoliemyolie', 'rosinalam', 'lukhoo', 'joelshanchung', 'punkhippie', 'vincentwong07', 'iamkingjer', 'yuenkaka', 'honganc', 'sisleychoi', 'jwchubz', 'joyfulck', 'laiwinki', 'natalietong53', 'yiplinsum', 'joeythyee', 'paisleyhu', 'zozotam1o1o', 'nwuuu', 'momong629', 'selenaleelalee', 'sammy903', 'matthew_hkp', 'snow711', 'sharonchanmanchi', 'wongtsuiyu', 'kayeepo']"
526,ginleeginlee,Art,,,"['louischeung2013', 'kaytse', 'hui_alfred', 'hinscheung']"
527,crystalfyy,Art,730.6814393622903,A,"['hubertwu', 'misselvani', 'sammkoling', 'mayannem', 'numberonepr', 'wang_liza', 'wongmanyik', 'lalalalisa_m', 'tracytschu', 'falachenfala', 'kungkaty', 'sammi_chengsauman', 'lawjoey', 'jackhero5', 'wong_manman', 'kaytse', 'jinnyng', 'karl_ting', 'owencheung', 'hinscheung', 'kayeepo', 'kandybubu', 'shi_ga', 'do_do_cheng', 'hoi1218', 'herachann', 'kaman_kong', 'rainkywai', 'louischeung2013', 'louisa_mak', 'jacquelinebwong', 'kwangorrrrrr', 'kelllycheung', 'lokyilai', 'yungchoyee', 'roxannetong', 'snow711', 'kan_jessica', 'rosinalam', 'lukhoo', 'guruhung', 'punkhippie', 'iamkingjer', 'gloriapuiyeetang', 'itstiffanylau', 'elaine_yiu', 'sisleychoi', 'jwchubz', 'laiwinki', 'natalietong53', 'judy.kwong', 'missjni', 'gwgurlie86', 'nwuuu', 'momong629', 'ghlchan', 'selenaleelalee', 'sammy903', 'matthew_hkp', 'joeythyee', 'sharonchanmanchi', 'wongtsuiyu', 'heungheungeliza']"
528,kelvin_yuen_,Art,,,
529,cheronna,Art,,,"['hubertwu', 'misselvani', 'heidibibe', 'concertyy', 'falachenfala', 'yeungchinwah', 'sammi_chengsauman', 'kaytse', 'kootinlok_louis', 'mreasonchan', 'quicheung', 'hinscheung', 'yannyyc', 'kandybubu', 'shi_ga', 'princejoyce', 'louischeung2013', 'cherrysavor', 'yungchoyee', 'jessicatsoi', 'punkhippie', 'iamkingjer', 'physit', 'on_callstar', 'jwchubz', 'choisaaaa', 'gwgurlie86', 'sammy903', 'kittyyuen', 'hui_alfred', 'guruhung', 'wongtsuiyu', 'heungheungeliza', 'ckw720']"
530,unclesiuenglish,Art,,,
531,heungheungeliza,Art,,,"['misselvani', 'zelia', 'jackhero5', 'wong_manman', 'kaytse', 'owencheung', 'nk830', 'yannyyc', 'rucochan', 'yungchoyee', 'hilaryxtsui', 'q_gill', 'rosinalam', 'joelshanchung', 'iamkingjer', 'kendalljenner', 'physit', 'saxyphil', 'yuenkaka', 'itstiffanylau', 'joyfulck', 'jaychou', 'taylorswift', 'yingcaier', 'paisleyhu', 'zozotam1o1o', 'laurinda_ho', 'suechangg', 'sammy903', 'kathychow520', 'kayeepo', 'hubertwu', 'mayannem', 'jessie_sum', 'therivergirl', 'rainie77', 'hoi1218', 'tavia_yeung', 'kwangorrrrrr', 'lokyilai', 'roxannetong', 'yuyanpeng', 'kan_jessica', 'punkhippie', 'vincentwong07', 'sqwhat', 'jwchubz', 'nwuuu', 'wongtsuiyu', 'kennyjr', 'numberonepr', 'sammkoling', 'stboo', 'tracytschu', 'sammi_chengsauman', 'kootinlok_louis', 'hinscheung', 'shi_ga', 'lulutung', 'kaman_kong', 'louischeung2013', 'jacquelinebwong', 'vvyeo', 'janice_man', 'lukhoo', 'jennierubyjane', 'honganc', 'sisleychoi', 'uglykwan', 'laiwinki', 'mayaoo', 'natalietong53', 'rahrahsong', 'missjni', 'lucy.is.good', 'michellewsn', 'kittyyuen', 'matthew_hkp', 'hui_alfred', 'snow711', 'sharonchanmanchi', 'joeythyee', 'keung_show', 'mirandakerr', 'wang_liza', 'ngk', 'lalalalisa_m', 'wongmanyik', 'kungkaty', 'yeungchinwah', 'lawjoey', 'kelly.fuu', 'real_ting', 'jinnyng', 'mreasonchan', 'koonella', 'kandybubu', 'princejoyce', 'rebecca_zhu', 'louisa_mak', 'kelllycheung', 'yeunghatou', 'jacquelinchng', 'myoliemyolie', 'tinyuilee', 'yiplinsum', 'victoriabeckham', 'selenaleelalee', 'karenalamkayan', 'kayan.c']"
532,julian_taraa,Art,95.16771687297766,C,
533,hamida_khatoon_official,Art,,,
534,kayanyanc,Art,,,
535,dulahoop12,Art,459.5322943651835,A,
536,ally_manyan,,156.16988049245535,B,
537,wonton___tai7,,,,
538,demosistohkofficial,,,,
539,jaysley,Art,,,
540,rosekwok365,Art,,,
541,ck.u.chin,Art,125.46233027407922,C,
542,chan.tsz.ying,Art,,,
543,roserosemama,Art,,,
544,arhosunny,Art,,,
545,magiclouisyan,Art,97.69479155315308,C,
546,suechangg,Art,,,
547,harbourcity,Art,124.22590562641469,C,
548,wingyi127,Art,400.7561105089202,A,
549,fionavibes,Art,189.6562984805741,B,
550,zoeso0930,Art,,,
551,msbonnieleung,Art,,,
552,karl_ting,Art,185.189751971298,B,"['kaytse', 'louisa_mak', 'nwuuu', 'rosinalam', 'louischeung2013', 'wongtsuiyu']"
553,nomundodapaula,Art,140.50606766828298,C,
554,hkppltravell,Art,,,
555,loktungcilla,Art,446.9047144218141,A,"['louisa_mak', 'nwuuu', 'sisleychoi', 'wongtsuiyu']"
556,hkfoodtalk,Art,,,
557,hebechan0510,Art,,,
558,joannyle,Art,,,
559,johnny__to,,91.6815653897294,D,
560,kwongchunyu,,207.9985192160452,B,
561,mamamamarket,Art,,,
562,angela.yuen,Art,,,"['kayan9896', 'misselvani', 'heidibibe', 'stboo', 'concertyy', 'wongmanyik', 'lalalalisa_m', 'gregorywong', 'charmainefong', 'falachenfala', 'deegor_hkwa', 'sammi_chengsauman', 'minchen333', 'yeungchinwah', 'rainie77', 'chapmantoslateshow', 'kaytse', 'cheungkalonggggg', 'kootinlok_louis', 'mreasonchan', 'hinscheung', 'koonella', 'ceciliaso', 'yannyyc', 'lulutung', 'angelababyct', 'chloe_so', 'do_do_cheng', 'princejoyce', 'louischeung2013', 'edanlui', 'cherrysavor', 'yungchoyee', 'fish331', 'emmawatson', 'mcheung1201', 'fatboyip', 'coffee89921', 'punkhippie', 'terencelam0903', 'iamkingjer', 'physit', 'jennierubyjane', 'sqwhat', 'wongtsuiyu', 'jwchubz', 'pumpkinjojoinstagram', 'jaychou', 'mayaoo', 'hanatam', 'neoyau19', 'choisaaaa', 'gwgurlie86', 'laurinda_ho', 'michellewsn', 'ghlchan', 'sammy903', 'keung_show', 'karenalamkayan', 'hui_alfred', 'zendaya', 'chrissienana', 'heungheungeliza', 'ckw720', 'kb_kevinboy']"
563,ma_chun_wai,Art,,,
564,mechann_,Art,258.1107823463716,B,
565,playstationhk,Art,193.84467300827245,B,
566,kayan.c,Art,,,
567,garyveechinese,Art,,,
568,inez_leong,Art,,,
569,gigi_ggggg,Art,94.61579800938227,C,
570,di2da,Art,139.93470011476322,C,
571,sosouwithlove,Art,149.9513520822476,B,
572,lauchunhim.terrance,Art,,,"['sabrinasa', 'neoyau19']"
573,welovehkcity,,,,
574,chan_wai_man,Art,,,
575,chanjanis,Art,,,
576,carlhoudee,Art,501.7979848922066,A,
577,second_kill,Art,492.3367626520831,A,
578,tavia_yeung,Art,,,"['zozotam1o1o', 'wongtsuiyu', 'vvyeo']"
579,snappy_hk,Art,314.1073252762483,A,
580,ding_2,Art,,,
581,phoebedreamy,Art,94.36661543425652,C,
582,agnes.the.foodie,Art,,,
583,puinam,Art,632.3826666383416,A,
584,tofuyiuuuu,Art,,,
585,avery.leung,,,,
586,some2some_,Art,,,
587,chufune,Art,,,"['kaytse', 'jimyan', 'hinscheung', 'donaldtong', 'concertyy', 'sammy903', 'kittyyuen', 'sammi_chengsauman', 'louischeung2013', 'yungchoyee']"
588,chenchiyiu,Art,,,"['misselvani', 'jackhero5', 'wong_manman', 'kaytse', 'owencheung', 'herachann', 'elenakongmayyee', 'rucochan', 'toby_yanyan', 'yungchoyee', 'rosinalam', 'joelshanchung', 'iamkingjer', 'itstiffanylau', 'joyfulck', 'paisleyhu', 'zozotam1o1o', 'chiangel1110', 'momong629', 'sammy903', 'kayeepo', 'heungheungeliza', 'hubertwu', 'mayannem', 'jessie_sum', 'chungkayanlinda', 'wonghoyinraymond', 'therivergirl', 'cheungwinghong', 'hoi1218', 'tavia_yeung', 'kwangorrrrrr', 'lokyilai', 'roxannetong', 'punkhippie', 'vincentwong07', 'sqwhat', 'gloriapuiyeetang', 'lisa_chng', 'jwchubz', 'choisaaaa', 'gwgurlie86', 'nwuuu', 'wongtsuiyu', 'numberonepr', 'sammkoling', 'tracytschu', 'falachenfala', 'sammi_chengsauman', 'hinscheung', 'kaman_kong', 'louischeung2013', 'jacquelinebwong', 'vvyeo', 'lukhoo', 'honganc', 'elaine_yiu', 'sisleychoi', 'laiwinki', 'natalietong53', 'crystalfyy', 'rahrahsong', 'missjni', 'lucy.is.good', 'edwinsiu', 'ghlchan', 'kittyyuen', 'matthew_hkp', 'joeythyee', 'sharonchanmanchi', 'chrissienana', 'snow711', 'wang_liza', 'jenniferjshum', 'wongmanyik', 'lalalalisa_m', 'kungkaty', 'yeungchinwah', 'lawjoey', 'kennethmkm', 'kelly.fuu', 'jinnyng', 'lokvirginia', 'kandybubu', 'do_do_cheng', 'rebecca_zhu', 'louisa_mak', 'kelllycheung', 'yeunghatou', 'myoliemyolie', 'yiplinsum', 'tsuiwing0807', 'selenaleelalee', 'guruhung', 'kalok_', 'fattung924', 'danielchau928']"
589,myprincessyoyo,Art,,,
590,owencheung,Art,,,"['roxannetong', 'vvyeo', 'wang_liza', 'sammkoling', 'yeunghatou', 'zozotam1o1o', 'rosinalam', 'punkhippie', 'vincentwong07', 'sammy903', 'sammi_chengsauman', 'snow711', 'sharonchanmanchi', 'wongtsuiyu', 'sisleychoi', 'wong_manman']"
591,foodartproject,Art,193.23207769419304,B,
592,chungshersher,Art,160.10824434048334,B,"['kaytse', 'hinscheung', 'kandybubu', 'sammi_chengsauman', 'punkhippie', 'yungchoyee', 'do_do_cheng', 'sammy903', 'physit', 'princejoyce', 'kittyyuen', 'yeungchinwah', 'hui_alfred', 'louischeung2013', 'kwangorrrrrr', 'mayaoo']"
593,cusonlo,Art,255.6764978085941,B,
594,kikitamkiki,Art,,,
595,aitorgalcera,,215.52063343270672,B,
596,kingymak,Art,,,
597,paisleyhu,Art,,,"['wang_liza', 'sammkoling', 'selenaleelalee', 'sammy903', 'princejoyce', 'sammi_chengsauman', 'sharonchanmanchi', 'wongtsuiyu', 'sisleychoi']"
598,wongmanyik,Art,,,"['wongtsuiyu', 'yungchoyee']"
599,verbeeshiu,Art,,,
600,oops_coconut,Art,,,
601,no3l,Art,115.91117672418876,C,
602,antwallace,,106.30698703729674,C,
603,nokkymerszei,Art,,,
604,candy_kamanyuen,Art,180.49458279077984,B,
605,stephanie_cheng,Art,,,
606,better.than.sexx,Art,,,
607,explore_hongkong,Art,125.88324514881816,C,
608,preediwat,,,,
609,hungcl,Art,,,
610,ariunaa_official,Art,,,
611,hifivehk,Art,100.10087467867892,C,
612,elannek930,Art,369.056701575284,A,"['kaytse', 'sammi_chengsauman']"
613,dr_maret_lee,Art,574.5406161187349,A,
614,sulinip,Art,,,
615,elleeec,Art,,,
616,konniecrab,Art,,,
617,tinaaaminat,Art,,,
618,renciysw,Art,160.09802401734302,B,
619,grandmama.store,Art,,,
620,lsb.co,Art,,,
621,vivianchowwaiman,Art,365.23573474621065,A,
622,zozotam1o1o,Art,601.7959149232404,A,
623,wongtsuiyu,Art,,,"['yuyanpeng', 'zozotam1o1o', 'yeungchinwah', 'yiplinsum', 'yungchoyee']"
624,xcanadian,,142.36007700539548,B,
625,jessicahsuan_official,Art,,,
626,903ahjeng,Art,,,"['mcheung1201', 'kaytse', 'fatboyip', 'hinscheung', 'concertyy', 'jeremylaous', 'ansonlht', 'terencelam0903', 'hui_alfred', 'edanlui', 'kb_kevinboy', 'deniskwok193']"
627,kandybubu,Art,,,"['numberonepr', 'misselvani', 'sammkoling', 'wang_liza', 'mayannem', 'kungkaty', 'yeungchinwah', 'lawjoey', 'sammi_chengsauman', 'real_ting', 'wong_manman', 'kaytse', 'quicheung', 'nostalgicoutlaw', 'koonella', 'owencheung', 'shi_ga', 'yannyyc', 'princejoyce', 'rebecca_zhu', 'louisa_mak', 'louischeung2013', 'kwangorrrrrr', 'toby_yanyan', 'kelllycheung', 'lokyilai', 'yungchoyee', 'yeunghatou', 'roxannetong', 'vvyeo', 'myoliemyolie', 'rosinalam', 'lukhoo', 'q_gill', 'punkhippie', 'vincentwong07', 'physit', 'yuenkaka', 'sqwhat', 'lisa_chng', 'sisleychoi', 'laiwinki', 'natalietong53', 'missjni', 'zozotam1o1o', 'laurinda_ho', 'nwuuu', 'momong629', 'sammy903', 'kittyyuen', 'matthew_hkp', 'snow711', 'sharonchanmanchi', 'wongtsuiyu', 'kayeepo']"
628,jadelamm,Art,,,
629,aka_chio,Art,,,"['lam2', 'misselvani', 'concertyy', 'jayfungmusic', 'kaytse', 'yannyyc', 'bob_lamshingbun', 'cherrysavor', 'yungchoyee', 'jessicatsoi', 'hilaryxtsui', 'terencelam0903', 'physit', 'iamkingjer', 'saxyphil', 'maglam_', 'laurinda_ho', 'sammy903', 'kayeepo', 'heungheungeliza', 'kb_kevinboy', 'hubertwu', 'chungkayanlinda', 'stephanie_cheng', 'rainie77', 'quicheung', 'callstarcf', 'aliaime', 'jenniferyuuu', 'edanlui', 'kwangorrrrrr', 'roxannetong', 'punkhippie', 'sqwhat', 'jwchubz', 'pumpkinjojoinstagram', 'hanatam', 'choisaaaa', 'gwgurlie86', 'nwuuu', 'alexfongliksun', 'wongtsuiyu', 'ckw720', 'numberonepr', 'sammkoling', 'stboo', 'falachenfala', 'sammi_chengsauman', 'chanelofficial', 'kootinlok_louis', 'arryuu', 'hinscheung', 'shi_ga', 'louischeung2013', 'jacquelinebwong', 'fatboyip', 'benontheroad', 'jennierubyjane', 'honganc', 'sisleychoi', 'mayaoo', 'angela.yuen', 'charmaine_sheh', 'missjni', 'michellewsn', 'jeremylaous', 'ghlchan', 'kittyyuen', 'hui_alfred', 'sharonchanmanchi', 'chrissienana', 'keung_show', 'wang_liza', 'heidibibe', 'ngk', 'lalalalisa_m', 'wongmanyik', 'kungkaty', 'yeungchinwah', 'real_ting', 'jinnyng', 'mreasonchan', 'koonella', 'ceciliaso', 'kandybubu', 'do_do_cheng', 'princejoyce', 'louisa_mak', 'kelllycheung', 'coffee89921', 'tinyuilee', 'on_callstar', 'cheronna', 'ansonlht', 'karenalamkayan', 'guruhung']"
630,princesshouseee_,Art,104.7512621488582,C,
631,shinkongo,Art,,,
632,ho.ma.de,,122.28030051643272,C,
633,tsesaipei,Art,,,
634,pangliu,Art,,,
635,judy.kwong,Art,,,"['roxannetong', 'snow711', 'missjni', 'misselvani', 'kan_jessica', 'kungkaty', 'kaman_kong', 'louisa_mak', 'wongtsuiyu', 'jwchubz']"
636,tpagon,,,,
637,28kkss,Art,,,
638,christylaiii,Art,,,
639,popsalehk,Art,,,
640,lingchengg,Art,,,
641,agneswym,Art,,,
642,choisaaaa,Art,2345.648722993437,A,"['misselvani', 'davidbeckham', 'concertyy', 'zelia', 'jackhero5', 'wong_manman', 'kaytse', 'owencheung', 'nk830', 'yannyyc', 'yungchoyee', 'hilaryxtsui', 'q_gill', 'rosinalam', 'iamkingjer', 'physit', 'yuenkaka', 'joyfulck', 'jaychou', 'yumiko.chengy', 'yingcaier', 'paisleyhu', 'maglam_', 'laurinda_ho', 'suechangg', 'sammy903', 'kathychow520', 'heungheungeliza', 'hubertwu', 'mayannem', 'chungkayanlinda', 'therivergirl', 'rainie77', 'hoi1218', 'tavia_yeung', 'edanlui', 'kwangorrrrrr', 'lokyilai', 'gem0816', 'roxannetong', 'yuyanpeng', 'punkhippie', 'prada', 'sqwhat', 'jwchubz', 'hanatam', 'gwgurlie86', 'fendi', 'nwuuu', 'karena_ngs', 'wongtsuiyu', 'ckw720', 'numberonepr', 'sammkoling', 'stboo', 'tracytschu', 'falachenfala', 'sammi_chengsauman', 'dior', 'lok666', 'kootinlok_louis', 'hinscheung', 'shi_ga', 'lulutung', 'kaman_kong', 'louischeung2013', 'jacquelinebwong', 'vvyeo', 'fatboyip', 'janice_man', 'lukhoo', 'jennierubyjane', 'honganc', 'elaine_yiu', 'sisleychoi', 'natalietong53', 'mayaoo', 'crystalfyy', 'rahrahsong', 'missjni', 'lucy.is.good', 'michellewsn', 'ghlchan', 'kittyyuen', 'louisvuitton', 'hui_alfred', 'elephantdee', 'sharonchanmanchi', 'snow711', 'keung_show', 'chrissienana', 'joeythyee', 'matthew_hkp', 'wang_liza', 'heidibibe', 'ngk', 'wongmanyik', 'lalalalisa_m', 'gregorywong', 'kungkaty', 'yeungchinwah', 'gucci', 'real_ting', 'jinnyng', 'fredcheng83', 'mreasonchan', 'koonella', 'kandybubu', 'do_do_cheng', 'princejoyce', 'rebecca_zhu', 'louisa_mak', 'kelllycheung', 'gigihadid', 'jacquelinchng', 'myoliemyolie', 'coffee89921', 'tinyuilee', 'yiplinsum', 'victoriabeckham', 'selenaleelalee', 'karenalamkayan', 'guruhung']"
643,winwinchan,Art,,,
644,saraahshum,Art,,,
645,yuenchingfung,Art,105.4096102999692,C,
646,arisa_1010,Art,,,
647,dou6lei5syu1,Art,,,
648,soyiuchung,,76.93864821373205,D,
649,cbbheree,Art,,,
650,playmmo,Art,,,
651,sammkoling,Art,,,"['tavia_yeung', 'vvyeo', 'wang_liza', 'zozotam1o1o', 'yungchoyee', 'selenaleelalee', 'vincentwong07', 'sammy903', 'tracytschu', 'yuenkaka', 'snow711', 'sharonchanmanchi', 'wongtsuiyu', 'sisleychoi', 'toby_yanyan', 'wong_manman']"
652,sandrangky,Art,235.6649026424594,B,
653,littlemsfoodie,Art,121.30304183709283,C,
654,ah7ng,,,,
655,nikehkg,Art,325.4778726633795,A,
656,lennayeung,Art,,,
657,rosamundkwan,Art,185.4964396578829,B,
658,back6645,Art,,,
659,catry,Art,,,
660,leoball,Art,,,
661,lukhoo,Art,,,"['wang_liza', 'misselvani', 'sammkoling', 'mayannem', 'numberonepr', 'tracytschu', 'yeungchinwah', 'sammi_chengsauman', 'sammicheung926', 'real_ting', 'wong_manman', 'nostalgicoutlaw', 'owencheung', 'shi_ga', 'princejoyce', 'rebecca_zhu', 'toby_yanyan', 'yungchoyee', 'yeunghatou', 'roxannetong', 'vvyeo', 'rosinalam', 'punkhippie', 'vincentwong07', 'physit', 'yuenkaka', 'sisleychoi', 'yiplinsum', 'natalietong53', 'rahrahsong', 'missjni', 'paisleyhu', 'zozotam1o1o', 'nwuuu', 'momong629', 'sammy903', 'matthew_hkp', 'snow711', 'sharonchanmanchi', 'wongtsuiyu']"
662,straightblast5,Art,,,
663,tracytschu,Art,1074.1127172570878,A,"['zozotam1o1o', 'wongtsuiyu', 'vvyeo', 'yeungchinwah']"
664,c.bbbbbbbbbbb,,,,
665,zaina_sze,Art,315.49296812282864,A,
666,txocreative,Art,,,
667,leungmo,Art,,,
668,hkcropcircle,Art,,,
669,chuihammer,Art,128.8335022014238,C,
670,kathychow520,Art,,,"['kaytse', 'sammy903', 'sqwhat', 'sammi_chengsauman', 'louischeung2013', 'yungchoyee']"
671,joeythyee,Art,395.1206762190988,A,"['numberonepr', 'misselvani', 'sammkoling', 'wang_liza', 'kungkaty', 'sammi_chengsauman', 'lawjoey', 'kaytse', 'owencheung', 'shi_ga', 'kandybubu', 'princejoyce', 'kaman_kong', 'louisa_mak', 'louischeung2013', 'kwangorrrrrr', 'kelllycheung', 'lokyilai', 'roxannetong', 'myoliemyolie', 'kan_jessica', 'lukhoo', 'punkhippie', 'sisleychoi', 'jwchubz', 'judy.kwong', 'natalietong53', 'nwuuu', 'momong629', 'selenaleelalee', 'sammy903', 'matthew_hkp', 'snow711', 'sharonchanmanchi', 'wongtsuiyu', 'kayeepo']"
672,laurinda_ho,Art,1147.4312708295088,A,"['misselvani', 'stboo', 'ngk', 'wongmanyik', 'yeungchinwah', 'sammi_chengsauman', 'shi_ga', 'princejoyce', 'louischeung2013', 'yungchoyee', 'yuyanpeng', 'q_gill', 'punkhippie', 'physit', 'sqwhat', 'sisleychoi', 'missjni', 'sammy903', 'wongtsuiyu']"
673,loui5ng,Art,,,
674,karliechung,Art,,,
675,lvlvlcy,Art,,,
676,6ixty8ight68,Art,,,
677,jessicawong_wt,Art,89.55985088524132,D,
678,crownhill_shoes,Art,91.09378484116368,D,
679,c4candice,Art,,,
680,janice_vidal,Art,,,
681,keung_show,Art,,,"['mcheung1201', 'sabrinasa', 'neoyau19', 'mirror.weare', 'stanleysc_', 'misselvani', 'llokmann', 'lauchunhim.terrance', 'mikeeeee___', 'lalalalisa_m', 'terencelam0903', 'sammy903', 'physit', 'sammi_chengsauman', 'louischeung2013', 'l_for_louise', 'pumpkinjojoinstagram']"
682,wiyona,Art,134.38464166934563,C,
683,bluegodzi,Art,140.27420538076828,C,
684,mak_cheung_ching,Art,,,
685,lilybethxchen,Art,,,
686,jan.tse,Art,169.47170039216766,B,
687,mingjai14,Art,,,
688,cissy.pastel,Art,,,
689,bludshot,Art,,,
690,sneaker_house88,,88.232394740517,D,
691,twinshk,Art,,,
692,rambler15,Art,,,
693,easttouchhk,Art,,,
694,kkc_ky,Art,164.12771536639343,B,
695,krysellawong,,202.7062485620377,B,
696,hkfoodlover,,,,
697,simon.diplomacy,Art,,,
698,lily_wong_0703,Art,,,
699,inarosca_,Art,125.8935966322241,C,
700,strawberryicy,Art,109.80404686097336,C,
701,lam2,Art,,,"['sammy903', 'yeungchinwah', 'sammi_chengsauman', 'louischeung2013', 'pumpkinjojoinstagram', 'yungchoyee']"
702,jimyan,Art,401.6593374177372,A,"['lam2', 'misselvani', 'ngk', 'yeungchinwah', 'sammi_chengsauman', 'real_ting', 'kaytse', 'mreasonchan', 'princejoyce', 'louischeung2013', 'yungchoyee', 'malisheep', 'wongyuenb', 'punkhippie', 'physit', 'pumpkinjojoinstagram', 'leungmanlai', 'sammy903', 'kittyyuen', 'kb_kevinboy']"
703,carrie1030,Art,,,
704,ashinaaa,Art,,,
705,falachenfala,Art,,,"['misselvani', 'jackhero5', 'wong_manman', 'kaytse', 'yannyyc', 'herachann', 'yungchoyee', 'q_gill', 'rosinalam', 'iamkingjer', 'physit', 'joyfulck', 'jaychou', 'yingcaier', 'zozotam1o1o', 'laurinda_ho', 'sammy903', 'heungheungeliza', 'hubertwu', 'therivergirl', 'hoi1218', 'tavia_yeung', 'kwangorrrrrr', 'lokyilai', 'roxannetong', 'punkhippie', 'sqwhat', 'jwchubz', 'gwgurlie86', 'fendi', 'nwuuu', 'wongtsuiyu', 'numberonepr', 'sammkoling', 'stboo', 'tracytschu', 'sammi_chengsauman', 'kootinlok_louis', 'hinscheung', 'shi_ga', 'lulutung', 'kaman_kong', 'louischeung2013', 'jacquelinebwong', 'vvyeo', 'janice_man', 'lukhoo', 'jennierubyjane', 'sisleychoi', 'natalietong53', 'rahrahsong', 'missjni', 'ghlchan', 'hui_alfred', 'snow711', 'sharonchanmanchi', 'joeythyee', 'keung_show', 'heidibibe', 'wongmanyik', 'lalalalisa_m', 'kungkaty', 'yeungchinwah', 'lawjoey', 'real_ting', 'jinnyng', 'mreasonchan', 'kandybubu', 'princejoyce', 'louisa_mak', 'kelllycheung', 'myoliemyolie', 'gigilai_official', 'victoriabeckham', 'selenaleelalee', 'karenalamkayan', 'guruhung']"
706,zelia,Art,,,
707,scarlett328,Art,191.86816440534787,B,
708,rahrahsong,Art,,,"['roxannetong', 'tavia_yeung', 'vvyeo', 'sammy903', 'tracytschu', 'sammi_chengsauman', 'sharonchanmanchi', 'wongtsuiyu']"
709,adapcy,Art,,,
710,iamkingjer,Art,,,"['numberonepr', 'misselvani', 'wang_liza', 'mayannem', 'stboo', 'ngk', 'sammkoling', 'lalalalisa_m', 'wongmanyik', 'kungkaty', 'yeungchinwah', 'sammi_chengsauman', 'sooyaaa__', 'rainie77', 'jackhero5', 'real_ting', 'kaytse', 'jinnyng', 'kootinlok_louis', 'mreasonchan', 'owencheung', 'shi_ga', 'kandybubu', 'kayeepo', 'yannyyc', 'princejoyce', 'roses_are_rosie', 'louisa_mak', 'louischeung2013', 'jacquelinebwong', 'kwangorrrrrr', 'kelllycheung', 'yungchoyee', 'mcheung1201', 'roxannetong', 'vvyeo', 'janice_man', 'myoliemyolie', 'q_gill', 'lukhoo', 'rosinalam', 'punkhippie', 'terencelam0903', 'physit', 'saxyphil', 'jennierubyjane', 'sqwhat', 'kendalljenner', 'sisleychoi', 'jwchubz', 'pumpkinjojoinstagram', 'jaychou', 'mayaoo', 'natalietong53', 'yiplinsum', 'yingcaier', 'missjni', 'laurinda_ho', 'nwuuu', 'jeremylaous', 'sammy903', 'sharonchanmanchi', 'wongtsuiyu', 'keung_show', 'kb_kevinboy']"
711,immark_ig,Art,115.14781000198764,C,
712,off____white____hongkong,Art,,,
713,nirmal_sewda,,85.46793034553782,D,
714,yukimaryrosel,Art,,,
715,becarefullee,Art,,,
716,wyc_wallace_v3v,Art,,,
717,takanashi_hanariv3v,Art,,,
718,c2mwen201999,Art,137.45888491001415,C,
719,anjaylia,Art,,,"['misselvani', 'sammkoling', 'heidibibe', 'chenchiyiu', 'wongmanyik', 'tracytschu', 'falachenfala', 'yeungchinwah', 'sammi_chengsauman', 'kaytse', 'arryuu', 'hinscheung', 'koonella', 'shi_ga', 'kandybubu', 'do_do_cheng', 'kaman_kong', 'louischeung2013', 'louisa_mak', 'bob_lamshingbun', 'kelllycheung', 'yungchoyee', 'lokyilai', 'coffee89921', 'punkhippie', 'sqwhat', 'wongtsuiyu', 'sisleychoi', 'jwchubz', 'laiwinki', 'natalietong53', 'crystalfyy', 'choisaaaa', 'charmaine_sheh', 'missjni', 'gwgurlie86', 'laurinda_ho', 'ghlchan', 'sammy903', 'guruhung', 'chrissienana', 'heungheungeliza']"
720,hongkongpoliceforce,Art,,,
721,discoverhongkong,Art,941.6124340200838,A,
722,lyricsthings,,,,
723,jacquelinebwong,,957.1260258189913,A,"['numberonepr', 'misselvani', 'sammkoling', 'mayannem', 'tracytschu', 'kungkaty', 'yeungchinwah', 'lawjoey', 'sammi_chengsauman', 'wong_manman', 'jinnyng', 'kaytse', 'owencheung', 'kandybubu', 'princejoyce', 'rebecca_zhu', 'louischeung2013', 'louisa_mak', 'kwangorrrrrr', 'kelllycheung', 'lokyilai', 'yungchoyee', 'roxannetong', 'snow711', 'vvyeo', 'myoliemyolie', 'rosinalam', 'lukhoo', 'punkhippie', 'vincentwong07', 'physit', 'sqwhat', 'sisleychoi', 'jwchubz', 'natalietong53', 'rahrahsong', 'missjni', 'zozotam1o1o', 'nwuuu', 'selenaleelalee', 'sammy903', 'kittyyuen', 'joeythyee', 'sharonchanmanchi', 'wongtsuiyu', 'kayeepo']"
724,vesta_ko,,99.01194719482366,C,
725,6sussim,,,,
726,lwc_ricko_rlrl,,,,
727,marialuisaleitao,,295.9126081314777,B,
728,kulkimoose,,123.00991567370724,C,
729,b.machine,,,,
730,peace.matisse,,107.79343077529948,C,
731,klumlee,,,,
732,moeenkhanworld,Art,,,
733,jojoeie1702,,,,
734,sixtycents,Art,,,
735,kellychenwailam,Art,,,
736,ah_hin,Art,127.6262892111562,C,
737,maboboma,Art,,,
738,mei_ytbbbb,Art,,,
739,hinrylau_music,Art,,,
740,jesso,,,,
741,irinateting,Art,,,
742,hongkong.insta,Art,,,
743,iancychan,Art,,,"['mcheung1201', 'llokmann', 'jeremylaous', 'terencelam0903', 'tiger_yny', 'keung_show', 'pumpkinjojoinstagram', 'jeremy_0908']"
744,leannefu_1027,Art,118.90793568700964,C,
745,harimaolee,Art,,,
746,naminamiting,Art,202.32097708887625,B,
747,kaaying219,Art,,,
748,sheepyjoycetang,Art,,,
749,tungtungdess,Art,445.4283915056064,A,
750,bella_lam,Art,320.24787031847194,A,"['hubertwu', 'misselvani', 'sammkoling', 'wang_liza', 'kungkaty', 'lawjoey', 'sammi_chengsauman', 'jackhero5', 'jinnyng', 'kaytse', 'hinscheung', 'kayeepo', 'kandybubu', 'shi_ga', 'do_do_cheng', 'herachann', 'kaman_kong', 'louischeung2013', 'louisa_mak', 'kwangorrrrrr', 'bob_lamshingbun', 'kelllycheung', 'lokyilai', 'roxannetong', 'kan_jessica', 'lukhoo', 'punkhippie', 'yuenkaka', 'itstiffanylau', 'elaine_yiu', 'sisleychoi', 'jwchubz', 'natalietong53', 'crystalfyy', 'choisaaaa', 'joeythyee', 'gwgurlie86', 'nwuuu', 'momong629', 'ghlchan', 'sammy903', 'matthew_hkp', 'snow711', 'guruhung', 'wongtsuiyu', 'heungheungeliza']"
751,wingshya,Art,112.0482462692678,C,
752,bluepongpong,Art,111.21397979125815,C,
