ig_id,Category,influence_index,rating,suggest
hinscheung,Art,unknown,unknown,"['lam2', 'misselvani', 'zelia', 'jayfungmusic', 'jackhero5', 'wong_manman', 'kaytse', 'janice_vidal', 'owencheung', 'nk830', 'yannyyc', 'jumbotsang', 'rucochan', 'yungchoyee', 'jessicatsoi', 'rosinalam', 'q_gill', 'joelshanchung', 'terencelam0903', 'iamkingjer', 'physit', 'saxyphil', 'kendalljenner', 'yuenkaka', 'joyfulck', 'siobhanhaughey01', 'jaychou', 'yumiko.chengy', 'taylorswift', 'yingcaier', 'paisleyhu', 'maglam_', 'zozotam1o1o', 'hoccgoomusic', 'laurinda_ho', 'momong629', 'pomatohk', 'suechangg', 'sammy903', 'mcshing', 'trialanderror924', 'kathychow520', 'kayeepo', 'kb_kevinboy', 'jeremy_0908', 'kayan9896', 'kevyiu', 'wong_cho_lam', 'hubertwu', 'mayannem', 'therivergirl', 'stephanie_cheng', 'yuduck', 'rainie77', 'sabrinasa', 'quicheung', 'pantherchan', 'hoi1218', 'voguemagazine', 'jenniferyuuu', 'tavia_yeung', 'kwangorrrrrr', 'lokyilai', 'mcheung1201', 'roxannetong', 'lihkg.forum', 'mirror.weare', 'yuyanpeng', 'sandrangky', 'malisheep', 'ithk', 'leungpakkin', 'punkhippie', 'vincentwong07', 'yawen_j', 'prada', 'sqwhat', 'tysonyoshi', 'jwchubz', 'pumpkinjojoinstagram', 'nwuuu', 'scarlett328', 'leungmanlai', 'wongtsuiyu', 'kayeechau', 'kennyjr', 'siuhinng', 'numberonepr', 'viutv', 'sammkoling', 'leonardodicaprio', 'stboo', 'nikehkg', 'meikiw', 'tracytschu', 'sammi_chengsauman', 'sooyaaa__', 'lightboy903', 'lok666', 'l_for_louise', 'i_am_kiko', 'kootinlok_louis', 'jimyan', 'yautaitung', 'karl_ting', 'shi_ga', 'lulutung', 'lam1hey', 'sofiee_ng', 'kaman_kong', 'roses_are_rosie', 'louischeung2013', 'jacquelinebwong', 'thatdanielwu', 'vvyeo', 'janice_man', 'lukhoo', 'jennierubyjane', 'stephaniehsau', 'honganc', 'sisleychoi', 'uglykwan', 'laiwinki', 'siufay613', 'mayaoo', 'natalietong53', 'rahrahsong', 'stanleysc_', 'missjni', 'lucy.is.good', 'michellewsn', 'jeremylaous', 'locker_94', 'kittyyuen', 'matthew_hkp', 'hui_alfred', 'joeythyee', 'sharonchanmanchi', 'snow711', 'keung_show', 'louisvuitton', 'mirandakerr', 'wang_liza', 'ngk', 'lalalalisa_m', 'wongmanyik', 'kevinstarkchu', 'kungkaty', 'yeungchinwah', 'lawjoey', 'janlamb_09', 'minchen333', 'juno_mak', 'real_ting', 'jinnyng', 'jacechw', 'mreasonchan', 'jolin_cai', 'koonella', 'william_gung', 'kandybubu', 'tvbcomhk', 'princejoyce', 'rebecca_zhu', 'louisa_mak', 'manner__official', 'kelllycheung', 'yeunghatou', 'maisonvalentino', 'myoliemyolie', 'tosiukiu', 'wongyuenb', 'kearenpang', 'tinyuilee', 'on_callstar', 'k_p0k1', 'yiplinsum', 'kellychenwailam', 'neoyau19', 'lauchunhim.terrance', 'victoriabeckham', 'selenaleelalee', 'karenalamkayan', 'iancychan', 'kakisham', 'wongyounam']"
captv.hk,Art,372.14493189650574,A,unknown
huidi_shi,Art,33.11494701179208,D,unknown
mmmorganxz,Art,96.67380778729016,C,unknown
raywychin,Art,128.95405917307565,C,unknown
dsl_hongkong,unknown,94.72128981288256,C,unknown
ly_joxx,Art,153.40326738182688,B,unknown
asahina_aya,Art,1692.7807123177724,A,unknown
reererre,Art,191.86816440534787,B,unknown
unseen,unknown,1572.3398380824444,A,unknown
chit_chak,unknown,30.322379714027008,D,unknown
gta5ous,unknown,88.48311521825396,D,unknown
charmainefong,Art,257.49088116266586,B,"['misselvani', 'concertyy', 'yeungchinwah', 'sammi_chengsauman', 'kaytse', 'jinnyng', 'quicheung', 'hinscheung', 'koonella', 'yannyyc', 'princejoyce', 'louischeung2013', 'cherrysavor', 'yungchoyee', 'punkhippie', 'wongyuenb', 'iamkingjer', 'physit', 'sqwhat', 'gwgurlie86', 'maglam_', 'sammy903', 'kittyyuen', 'hui_alfred', 'ckw720']"
vinaccccccc,Art,13.047383684042842,D,unknown
kellustration,Travel,unknown,unknown,unknown
arryuu,Art,1238.5732680648755,A,"['misselvani', 'bella_lam', 'jackhero5', 'wong_manman', 'kaytse', 'owencheung', 'herachann', 'bob_lamshingbun', 'yungchoyee', 'rosinalam', 'joelshanchung', 'iamkingjer', 'itstiffanylau', 'paisleyhu', 'zozotam1o1o', 'momong629', 'ccandice.c', 'sammy903', 'heungheungeliza', 'kayeepo', 'hubertwu', 'mayannem', 'chungkayanlinda', 'yuduck', 'cheungwinghong', 'hoi1218', 'kwangorrrrrr', 'lokyilai', 'roxannetong', 'brianchu0523', 'punkhippie', 'vincentwong07', 'gloriapuiyeetang', 'lisa_chng', 'jwchubz', 'choisaaaa', 'gwgurlie86', 'nwuuu', 'wongtsuiyu', 'brian_tsetse', 'numberonepr', 'sammkoling', 'chenchiyiu', 'tracytschu', 'falachenfala', 'sammi_chengsauman', 'chanelofficial', 'hinscheung', 'shi_ga', 'kaman_kong', 'louischeung2013', 'jacquelinebwong', 'vvyeo', 'benontheroad', 'lukhoo', 'elaine_yiu', 'sisleychoi', 'laiwinki', 'natalietong53', 'crystalfyy', 'missjni', 'edwinsiu', 'ghlchan', 'matthew_hkp', 'snow711', 'joeythyee', 'chrissienana', 'sharonchanmanchi', 'wang_liza', 'derekwong726', 'heidibibe', 'kungkaty', 'lawjoey', 'jinnyng', 'kandybubu', 'do_do_cheng', 'chakwilliam', 'princejoyce', 'rebecca_zhu', 'louisa_mak', 'kelllycheung', 'yeunghatou', 'jacquelinchng', 'myoliemyolie', 'selenaleelalee', 'guruhung', 'fattung924']"
honganc,Art,407.9256465740482,A,"['hubertwu', 'misselvani', 'wang_liza', 'mayannem', 'numberonepr', 'kungkaty', 'lawjoey', 'sammi_chengsauman', 'wong_manman', 'jinnyng', 'kaytse', 'kootinlok_louis', 'owencheung', 'nostalgicoutlaw', 'shi_ga', 'kandybubu', 'tvbcomhk', 'princejoyce', 'kaman_kong', 'louischeung2013', 'louisa_mak', 'rucochan', 'kwangorrrrrr', 'toby_yanyan', 'kelllycheung', 'lokyilai', 'yungchoyee', 'roxannetong', 'myoliemyolie', 'rosinalam', 'lukhoo', 'joelshanchung', 'punkhippie', 'sisleychoi', 'jwchubz', 'natalietong53', 'missjni', 'nwuuu', 'momong629', 'selenaleelalee', 'sammy903', 'kittyyuen', 'matthew_hkp', 'snow711', 'wongtsuiyu', 'kayeepo']"
vivi_vivianlaw,Art,105.57299676891364,C,unknown
seeing2sea,Art,44.16174529402019,D,unknown
sassyhongkong,Art,115.02919991775552,C,unknown
rimazeidan51,Art,641.3371050956501,A,unknown
albee_be,Art,33.1511858725282,D,unknown
simon_c,Art,12.508496954449653,D,unknown
danielwellington,Art,8471.050095761759,A,unknown
emilylam.ho,Art,226.30783874094632,B,unknown
tinming7471,Art,148.2818217348678,B,unknown
our.daily.hk,Art,43.16137392059951,D,unknown
neoyau19,Art,299.93185345521545,B,"['sabrinasa', 'trialanderror924']"
victoriassecret,Art,132945.25406220448,A,unknown
asartisticasyou,Education,40.44994597594359,D,unknown
jolin_cai,Art,7583.2408658634995,A,unknown
edwardmusicproduction,Music,unknown,unknown,unknown
syanleung,Art,48.12781507206529,D,unknown
jenniferyuuu,Art,303.8046346329648,B,"['kaytse', 'misselvani']"
ryanlau88,Art,182.22110249482185,B,unknown
elaine_yiu,Art,1465.518559930673,A,"['misselvani', 'jackhero5', 'wong_manman', 'kaytse', 'owencheung', 'herachann', 'rucochan', 'toby_yanyan', 'yungchoyee', 'rosinalam', 'q_gill', 'joelshanchung', 'iamkingjer', 'yuenkaka', 'itstiffanylau', 'joyfulck', 'judy.kwong', 'paisleyhu', 'zozotam1o1o', 'momong629', 'sammy903', 'kayeepo', 'heungheungeliza', 'hubertwu', 'mayannem', 'therivergirl', 'hoi1218', 'tavia_yeung', 'kwangorrrrrr', 'lokyilai', 'roxannetong', 'kan_jessica', 'punkhippie', 'vincentwong07', 'sqwhat', 'gloriapuiyeetang', 'lisa_chng', 'jwchubz', 'gwgurlie86', 'nwuuu', 'wongtsuiyu', 'numberonepr', 'sammkoling', 'tracytschu', 'falachenfala', 'sammi_chengsauman', 'kootinlok_louis', 'karl_ting', 'hinscheung', 'shi_ga', 'kaman_kong', 'louischeung2013', 'jacquelinebwong', 'vvyeo', 'lukhoo', 'honganc', 'sisleychoi', 'laiwinki', 'natalietong53', 'rahrahsong', 'missjni', 'ghlchan', 'kittyyuen', 'matthew_hkp', 'hui_alfred', 'snow711', 'joeythyee', 'sharonchanmanchi', 'wang_liza', 'wongmanyik', 'kungkaty', 'yeungchinwah', 'lawjoey', 'kelly.fuu', 'fredcheng83', 'jinnyng', 'wongkalok1214', 'kandybubu', 'tvbcomhk', 'princejoyce', 'rebecca_zhu', 'louisa_mak', 'kelllycheung', 'jacquelinchng', 'myoliemyolie', 'tinyuilee', 'tsuiwing0807', 'selenaleelalee', 'karenalamkayan', 'guruhung', 'kalok_']"
numberonepr,unknown,77.58684237593648,D,"['wong_cho_lam', 'wang_liza', 'yeungchinwah', 'sammi_chengsauman', 'real_ting', 'owencheung', 'princejoyce', 'yungchoyee', 'roxannetong', 'vvyeo', 'rosinalam', 'punkhippie', 'physit', 'sisleychoi', 'nwuuu', 'selenaleelalee', 'sammy903', 'sharonchanmanchi', 'wongtsuiyu']"
mandieskwok,Art,280.89785074117185,B,unknown
manyeeb,Art,122.3618066508546,C,unknown
kimi_chiuchiu,Art,300.00947103376666,B,unknown
whitney.hui,Art,92.15876724183885,C,unknown
welbychung,Art,5.324922558035625,D,unknown
wifiegg,Art,25.955534744120797,D,unknown
crystalyannie,unknown,4.819953369725465,D,unknown
emilyszemei,Art,145.6085219809854,B,unknown
100mosthk,Art,unknown,unknown,"['misselvani', 'davidbeckham', 'heidibibe', 'stboo', 'concertyy', 'lalalalisa_m', 'chrissienana', 'zelia', 'charmainefong', 'falachenfala', 'deegor_hkwa', 'sammi_chengsauman', 'dior', 'chanelofficial', 'yeungchinwah', 'chapmantoslateshow', '9gag', 'kaytse', 'cheungkalonggggg', 'kootinlok_louis', 'mreasonchan', 'fhproductionhk', 'hinscheung', 'heungheungeliza', '_kisang_', 'do_do_cheng', 'aliaime', 'princejoyce', 'louischeung2013', 'manner__official', 'edanlui', 'kwangorrrrrr', 'bob_lamshingbun', 'yungchoyee', 'mcheung1201', 'lihkg.forum', 'fatboyip', 'coffee89921', 'punkhippie', 'terencelam0903', 'gwendolyn.spot', 'iamkingjer', 'physit', 'jennierubyjane', 'sqwhat', 'jwchubz', 'pumpkinjojoinstagram', 'jaychou', 'angela.yuen', 'hanatam', 'choisaaaa', 'yingcaier', 'neoyau19', 'gwgurlie86', 'laurinda_ho', 'pomatohk', 'jeremylaous', 'ghlchan', 'ansonlht', 'sammy903', 'suechangg', 'kittyyuen', 'iancychan', 'hui_alfred', 'guruhung', 'wongtsuiyu', 'keung_show', 'kb_kevinboy', 'deniskwok193']"
yehyan426,Art,31.68614847250474,D,unknown
cherrymeme__,Art,33.37746034984954,D,unknown
lexituan,Art,unknown,unknown,unknown
pinkicon_shop,Art,131.46522375922066,C,unknown
hkprideparade,unknown,14.75015783467433,D,unknown
goodasgoldliving,Art,unknown,unknown,unknown
izzue,Art,117.92751689641872,C,unknown
babyxshadow,Art,92.17454220806012,C,unknown
kirbysau,Art,120.74654326611392,C,unknown
dreamy_touch,Art,731.4233725780008,A,unknown
paulgoor,Art,123.37032536856056,C,unknown
w___toko,Art,unknown,unknown,unknown
heidi_fpdrawings.hk,Art,18.44042448256452,D,unknown
cheungstanley,Art,unknown,unknown,unknown
vocemagazine,Art,795.8814939858821,A,unknown
wong_manman,Art,1332.5732514165206,A,"['wongtsuiyu', 'yeungchinwah', 'yungchoyee']"
hungrytv.hk,unknown,179.83320735545743,B,unknown
moonieckm,Art,226.37898200564035,B,unknown
bowiechoibuiyi,Art,42.32167257343489,D,unknown
phyleefehleh,Art,unknown,unknown,unknown
missjni,Art,1233.864121681952,A,"['numberonepr', 'sammkoling', 'wongmanyik', 'tracytschu', 'yeungchinwah', 'sammi_chengsauman', 'wong_manman', 'princejoyce', 'rucochan', 'yungchoyee', 'roxannetong', 'myoliemyolie', 'rosinalam', 'punkhippie', 'vincentwong07', 'physit', 'sqwhat', 'sisleychoi', 'natalietong53', 'zozotam1o1o', 'nwuuu', 'momong629', 'selenaleelalee', 'sammy903', 'snow711', 'sharonchanmanchi', 'wongtsuiyu']"
sandytooooo,Art,unknown,unknown,unknown
axleviolet,unknown,15.917292146195528,D,unknown
florinda.ho,Art,unknown,unknown,unknown
beaconcollegehk,Education,122.71887425242176,C,unknown
xmini.official,unknown,3.0233508203457675,D,unknown
clau_slimes,unknown,97.73424975758992,C,unknown
cheungyauyu,Art,unknown,unknown,unknown
theworlds50best,Art,2565.535537143277,A,unknown
yan512,Art,99.020649412362,C,unknown
billy_onstage,Art,unknown,unknown,unknown
yeunghatou,Art,126.74459389001896,C,unknown
tedzted,unknown,142.4541575674524,B,unknown
bertliu744,Art,17.05101979725814,D,unknown
viutv,Art,704.1694250516454,A,unknown
rickysham,Art,unknown,unknown,unknown
choy_ian,Art,94.57831625810816,C,unknown
carlosbb,Art,272.2285891716837,B,"['hubertwu', 'misselvani', 'numberonepr', 'wongmanyik', 'chrissienana', 'yeungchinwah', 'sammi_chengsauman', 'jackhero5', 'jinnyng', 'kaytse', 'hinscheung', 'do_do_cheng', 'louischeung2013', 'louisa_mak', 'kwangorrrrrr', 'kelllycheung', 'yungchoyee', 'roxannetong', 'punkhippie', 'elaine_yiu', 'jwchubz', 'natalietong53', 'crystalfyy', 'missjni', 'ghlchan', 'sammy903', 'guruhung', 'wongtsuiyu', 'heungheungeliza']"
saffiesaffie,Art,91.86490344962036,D,unknown
lokyin_cg,Art,3.9739114759927103,D,unknown
wongyuenb,Art,374.8909440010354,A,"['yeungchinwah', 'yungchoyee']"
polly.cpl,Art,123.8150388123312,C,unknown
jumbotsang,Art,1056.8203855464883,A,unknown
pelilam,Art,5.428416402598852,D,unknown
gedition.co,Art,11.387333915535626,D,unknown
bake.your.own,Art,52.84405943570524,D,unknown
iloveqq,Art,241.2129088979117,B,unknown
mastamic,Art,28.44685069190469,D,unknown
neomusicproduction,Art,unknown,unknown,unknown
boboy831,Art,18.5198190360106,D,unknown
smilesproduction,unknown,5.364164964513332,D,unknown
kovischa_,unknown,31.656479459433893,D,unknown
bowiecheungx,Art,unknown,unknown,unknown
maverick_au,unknown,unknown,unknown,unknown
bennieandmaple,Art,375.5108451847324,A,unknown
sineo_sy,Art,81.7216255800541,D,unknown
minimoofashion,Art,19.760462878076616,D,unknown
rachellyt,Art,11.782402134309356,D,unknown
refife.official,Art,1020.0808776915788,A,unknown
ciao_kitchen,Art,122.691709825543,C,unknown
drcarenyoga,unknown,unknown,unknown,unknown
stefanwch,Art,118.19985901985704,C,unknown
kaylachi215,unknown,unknown,unknown,unknown
aimeechan_official,Art,875.8162124721315,A,"['sammi_chengsauman', 'hinscheung']"
kitling_,Art,207.9580943280228,B,unknown
echodancehk,unknown,unknown,unknown,unknown
tortikannuchka,Art,2084.0851091278723,A,unknown
jawnha,Art,289.2213203064033,B,unknown
kinjaz,Art,1714.127912956745,A,unknown
ohkoeboo,Art,4.342323918458006,D,unknown
shamshirley,Art,368.9902556495681,A,unknown
chakwilliam,Art,89.63402044225346,D,"['hubertwu', 'wang_liza', 'sammkoling', 'derekwong726', 'chenchiyiu', 'kungkaty', 'sammi_chengsauman', 'lawjoey', 'jackhero5', 'kelly.fuu', 'wong_manman', 'kaytse', 'jinnyng', 'owencheung', 'hinscheung', 'nostalgicoutlaw', 'kayeepo', 'kandybubu', 'do_do_cheng', 'hoi1218', 'rebecca_zhu', 'kaman_kong', 'louisa_mak', 'louischeung2013', 'rucochan', 'jacquelinebwong', 'kwangorrrrrr', 'toby_yanyan', 'kelllycheung', 'lokyilai', 'yeunghatou', 'roxannetong', 'vvyeo', 'myoliemyolie', 'rosinalam', 'lukhoo', 'joelshanchung', 'vincentwong07', 'gloriapuiyeetang', 'honganc', 'elaine_yiu', 'sisleychoi', 'jwchubz', 'yiplinsum', 'laiwinki', 'natalietong53', 'lisa_chng', 'crystalfyy', 'choisaaaa', 'gwgurlie86', 'nwuuu', 'edwinsiu', 'momong629', 'ghlchan', 'sammy903', 'matthew_hkp', 'snow711', 'guruhung', 'wongtsuiyu', 'heungheungeliza', 'danielchau928']"
tobey.m___,unknown,2.157064270822149,D,unknown
francois.delaire,Art,12.972737034000454,D,unknown
tysonchak,Art,26.35062659198633,D,unknown
meendeenjinggung,Art,197.2272967629586,B,unknown
vnthota,Art,unknown,unknown,unknown
melvinjohnrodas,Art,16.313242267363268,D,unknown
kamchi_chan,Art,93.57606396532522,C,unknown
helpmesee,Art,8.048559048230223,D,unknown
yeunganne,Art,unknown,unknown,unknown
fridaylahk,unknown,unknown,unknown,unknown
cookingsiulam,Education,unknown,unknown,unknown
elihanaelia,Art,unknown,unknown,unknown
kakikakileung,Art,179.4161780609223,B,unknown
facda,Art,3.4735987484854984,D,unknown
bobsyouruncle1981,Art,unknown,unknown,unknown
vivicheung_runner,unknown,unknown,unknown,unknown
algogo,Art,unknown,unknown,unknown
layzhang,Art,25280.24229089625,A,unknown
afterschool_hk,Education,170.9783140044999,B,unknown
chungkayanlinda,Art,unknown,unknown,"['wang_liza', 'misselvani', 'numberonepr', 'sammkoling', 'stboo', 'concertyy', 'wongmanyik', 'lalalalisa_m', 'tracytschu', 'falachenfala', 'kungkaty', 'yeungchinwah', 'sammi_chengsauman', 'wong_manman', 'jinnyng', 'kaytse', 'kootinlok_louis', 'hinscheung', 'nk830', 'kandybubu', 'do_do_cheng', 'princejoyce', 'rebecca_zhu', 'louisa_mak', 'louischeung2013', 'tavia_yeung', 'jacquelinebwong', 'kwangorrrrrr', 'kelllycheung', 'yungchoyee', 'lokyilai', 'roxannetong', 'vvyeo', 'myoliemyolie', 'coffee89921', 'rosinalam', 'guruhung', 'punkhippie', 'iamkingjer', 'physit', 'sqwhat', 'jennierubyjane', 'honganc', 'elaine_yiu', 'joyfulck', 'jwchubz', 'natalietong53', 'rahrahsong', 'yingcaier', 'paisleyhu', 'gwgurlie86', 'nwuuu', 'ghlchan', 'selenaleelalee', 'sammy903', 'snow711', 'sharonchanmanchi', 'wongtsuiyu', 'heungheungeliza']"
nigo,Art,2448.068092878962,A,unknown
esther_xinti,Art,unknown,unknown,unknown
clubmonaco,Art,unknown,unknown,unknown
occasionspr,Art,15.835994261053786,D,unknown
kasper0524,Art,unknown,unknown,unknown
roxannetong,Art,1215.023170482363,A,"['wang_liza', 'sammkoling', 'wongmanyik', 'tracytschu', 'sammi_chengsauman', 'wong_manman', 'shi_ga', 'toby_yanyan', 'yeunghatou', 'yungchoyee', 'vvyeo', 'sukman_lam', 'vincentwong07', 'sisleychoi', 'zozotam1o1o', 'selenaleelalee', 'sammy903', 'snow711', 'sharonchanmanchi', 'wongtsuiyu']"
rosinalam,Art,unknown,unknown,"['wang_liza', 'sammkoling', 'tracytschu', 'sammi_chengsauman', 'sammicheung926', 'wong_manman', 'rucochan', 'tavia_yeung', 'yungchoyee', 'roxannetong', 'vvyeo', 'vincentwong07', 'sisleychoi', 'zozotam1o1o', 'selenaleelalee', 'sammy903', 'snow711', 'sharonchanmanchi', 'wongtsuiyu']"
rickykazaf,Art,unknown,unknown,unknown
dannysummermusic,Art,unknown,unknown,unknown
equeen1113,Art,unknown,unknown,unknown
plasticthing,Art,unknown,unknown,unknown
baibaihe_yep,unknown,unknown,unknown,unknown
timeouthk,Art,164.6660312276507,B,unknown
yeungyatka,Art,unknown,unknown,unknown
ninabb66,Art,240.7576474681329,B,unknown
bonnieyiuu,Art,76.05055776675486,D,unknown
apmhk,Art,unknown,unknown,unknown
sweetymagic_hk,Art,114.78704652974496,C,unknown
avabibu,Art,unknown,unknown,unknown
maybemeii,Art,9.392993999470209,D,unknown
stephaniehsau,Art,unknown,unknown,unknown
wonghoyinraymond,Art,unknown,unknown,unknown
cedricgrolet,Art,4021.630403951252,A,unknown
sidebyside_solvency,Art,unknown,unknown,unknown
sammicheung926,unknown,255.6487196337713,B,unknown
lokyilai,Art,572.3890138014626,A,"['numberonepr', 'misselvani', 'sammkoling', 'wang_liza', 'mayannem', 'tracytschu', 'verbeeshiu', 'yeungchinwah', 'sammi_chengsauman', 'sammicheung926', 'wong_manman', 'owencheung', 'nostalgicoutlaw', 'shi_ga', 'princejoyce', 'rebecca_zhu', 'louischeung2013', 'louisa_mak', 'rucochan', 'toby_yanyan', 'yeunghatou', 'roxannetong', 'vvyeo', 'myoliemyolie', 'rosinalam', 'lukhoo', 'punkhippie', 'vincentwong07', 'yuenkaka', 'sisleychoi', 'natalietong53', 'missjni', 'zozotam1o1o', 'nwuuu', 'momong629', 'selenaleelalee', 'sammy903', 'matthew_hkp', 'snow711', 'sharonchanmanchi', 'wongtsuiyu']"
mzcca0.16,Art,126.79076548061036,C,unknown
this.is.1218,Travel,unknown,unknown,unknown
patrickng06,Art,unknown,unknown,unknown
do_do_cheng,Art,unknown,unknown,"['misselvani', 'jayfungmusic', 'jackhero5', 'wong_manman', 'kaytse', 'owencheung', 'nk830', 'yannyyc', 'herachann', 'elenakongmayyee', 'rucochan', 'toby_yanyan', 'yungchoyee', 'hilaryxtsui', 'rosinalam', 'q_gill', 'joelshanchung', 'iamkingjer', 'physit', 'yuenkaka', 'itstiffanylau', 'joyfulck', 'jaychou', 'yumiko.chengy', 'yingcaier', 'paisleyhu', 'maglam_', 'zozotam1o1o', 'laurinda_ho', 'momong629', 'sammy903', 'mcshing', 'kathychow520', 'hacken1206', 'kayeepo', 'heungheungeliza', 'wong_cho_lam', 'hubertwu', 'mayannem', 'therivergirl', 'stephanie_cheng', 'rainie77', 'quicheung', 'hoi1218', 'tavia_yeung', 'edanlui', 'kwangorrrrrr', 'lokyilai', 'emmawatson', 'roxannetong', 'sandrangky', 'yuyanpeng', 'punkhippie', 'vincentwong07', 'sqwhat', 'gloriapuiyeetang', 'gigileungwingkei', 'jwchubz', 'pumpkinjojoinstagram', 'hanatam', 'gwgurlie86', 'nwuuu', 'wongtsuiyu', 'kennyjr', 'numberonepr', 'sammkoling', 'stboo', 'meikiw', 'tracytschu', 'falachenfala', 'sammi_chengsauman', 'kootinlok_louis', 'jimyan', 'karl_ting', 'nostalgicoutlaw', 'hinscheung', 'shi_ga', 'kaman_kong', 'louischeung2013', 'jacquelinebwong', 'thatdanielwu', 'vvyeo', 'fatboyip', 'lukhoo', 'lesleychianglove', 'jennierubyjane', 'honganc', 'elaine_yiu', 'sisleychoi', 'uglykwan', 'laiwinki', 'natalietong53', 'mayaoo', 'rahrahsong', 'missjni', 'lucy.is.good', 'michellewsn', 'edwinsiu', 'ghlchan', 'kittyyuen', 'matthew_hkp', 'hui_alfred', 'snow711', 'sharonchanmanchi', 'joeythyee', 'keung_show', 'wang_liza', 'heidibibe', 'ngk', 'wongmanyik', 'lalalalisa_m', 'kungkaty', 'yeungchinwah', 'lawjoey', 'janlamb_09', 'sammicheung926', 'kelly.fuu', 'real_ting', 'jinnyng', 'fredcheng83', 'mreasonchan', 'koonella', 'kandybubu', 'tvbcomhk', 'princejoyce', 'rebecca_zhu', 'louisa_mak', 'kelllycheung', 'gigihadid', 'myoliemyolie', 'wongyuenb', 'kearenpang', 'tinyuilee', 'yiplinsum', 'victoriabeckham', 'selenaleelalee', 'karenalamkayan', 'guruhung', 'fattung924']"
birdieparva,Art,unknown,unknown,unknown
mymostbeautiful_,unknown,unknown,unknown,unknown
kittyyuen,Art,unknown,unknown,"['wang_liza', 'misselvani', 'yeungchinwah', 'sammi_chengsauman', 'real_ting', 'quicheung', 'mreasonchan', 'koonella', 'shi_ga', 'princejoyce', 'louisa_mak', 'louischeung2013', 'kwangorrrrrr', 'yungchoyee', 'lokyilai', 'roxannetong', 'myoliemyolie', 'malisheep', 'lukhoo', 'punkhippie', 'physit', 'saxyphil', 'sqwhat', 'on_callstar', 'sisleychoi', 'uglykwan', 'natalietong53', 'nwuuu', 'sammy903', 'snow711', 'sharonchanmanchi', 'wongtsuiyu']"
jordan_tcm,Art,unknown,unknown,unknown
kaening,Art,unknown,unknown,unknown
hey.luxury,Art,unknown,unknown,unknown
renefurtererhk,Art,unknown,unknown,unknown
missjelly,Art,unknown,unknown,unknown
sawadikap__kenny,Art,unknown,unknown,unknown
visubal,Art,unknown,unknown,unknown
tiffanyxtyc,Art,30.80883865692556,D,unknown
jjackielauu,Art,121.9098813630383,C,unknown
reginahyt,Art,unknown,unknown,unknown
rabeeayeung,Art,unknown,unknown,unknown
mangielo,Art,unknown,unknown,unknown
needatajkhan,Art,291.1386987721263,B,unknown
ellirose,Art,unknown,unknown,unknown
agaseen,Art,219.28643985224232,B,"['misselvani', 'concertyy', 'jayfungmusic', 'sammi_chengsauman', 'kaytse', 'hinscheung', 'shi_ga', 'kandybubu', 'do_do_cheng', 'aliaime', 'princejoyce', 'louischeung2013', 'kwangorrrrrr', 'bob_lamshingbun', 'yungchoyee', 'punkhippie', 'aka_chio', 'terencelam0903', 'iamkingjer', 'physit', 'saxyphil', 'jwchubz', 'mayaoo', 'maglam_', 'laurinda_ho', 'nwuuu', 'ghlchan', 'alexfongliksun', 'sammy903', 'hui_alfred', 'wongtsuiyu', 'alamfish']"
esquirehk,Art,unknown,unknown,unknown
chiangel1110,Art,253.47999107215708,B,"['sammkoling', 'kungkaty', 'jackhero5', 'jinnyng', 'owencheung', 'kandybubu', 'louisa_mak', 'kelllycheung', 'roxannetong', 'lukhoo', 'elaine_yiu', 'sisleychoi', 'jwchubz', 'crystalfyy', 'gwgurlie86', 'ghlchan', 'snow711', 'wongtsuiyu', 'kayeepo']"
oneone.siu,Art,unknown,unknown,unknown
iamchoiching,Music,unknown,unknown,unknown
brianyuen_chico,Art,unknown,unknown,unknown
vvyeo,Art,unknown,unknown,"['yeunghatou', 'wongtsuiyu', 'zozotam1o1o', 'wong_manman']"
minchen333,Art,unknown,unknown,unknown
lovestoryhk,Art,unknown,unknown,unknown
janetchowkawai,Art,unknown,unknown,unknown
myl31666,Art,unknown,unknown,unknown
kyo1122,Art,25107.25046962709,A,unknown
tinyuilee,Art,911.5540718632924,A,"['wongtsuiyu', 'yeungchinwah', 'yungchoyee']"
kaikaiko,Art,unknown,unknown,unknown
polocyl,Travel,unknown,unknown,unknown
showoffhk,Acting/Media,2.2223776507355364,D,unknown
bread_bulubulu,Art,unknown,unknown,unknown
foodki.may,unknown,unknown,unknown,unknown
chefsroll,Art,unknown,unknown,unknown
graceip,Art,unknown,unknown,unknown
willpan23,Art,unknown,unknown,unknown
sheryl_leung,Art,unknown,unknown,unknown
tingho.zayn,Art,unknown,unknown,unknown
tyreseakf,Art,unknown,unknown,unknown
mensunohk,Art,unknown,unknown,unknown
misslilyho,Art,77.92823895575462,D,unknown
yancychu,Art,unknown,unknown,unknown
checkcheckcin,Art,unknown,unknown,unknown
torontofoodvibes,Art,unknown,unknown,unknown
coffeecmakeup,Beauty,1.7942996419575457,D,unknown
bmb_bakery,Art,159.34481917186966,B,unknown
eat_travel_weekly,unknown,unknown,unknown,unknown
ellagross,Art,unknown,unknown,"['misselvani', 'hinscheung']"
thewavehk,Art,3.608251990073494,D,unknown
chloeleongg_,Art,unknown,unknown,unknown
official.angelahang,Art,3.7906747369616967,D,unknown
haiirplay,Art,unknown,unknown,unknown
dydybbbb,Art,unknown,unknown,unknown
dimdim1125,Travel,108.73081118775954,C,unknown
she.c0m,Art,187.0526768498952,B,unknown
bakedindulgence,Art,26.094475212651435,D,unknown
sis_official_ig,unknown,unknown,unknown,unknown
nabwork,Art,unknown,unknown,unknown
vivihk_official,unknown,9.750046194970013,D,unknown
oonatashaoo,Art,140.15725433114412,C,unknown
kingyu__,Art,6.355122444940545,D,unknown
sophiachang,Art,942.521719464897,A,unknown
sumsum_dessert,Art,108.4471835481304,C,unknown
wayne_ky,Art,23.31942768076904,D,unknown
chenghao.shih,Art,128.18037805485713,C,unknown
tanya.tintin,Art,23.069438781885008,D,unknown
felicetrips,unknown,16.241743447500227,D,unknown
hkfoodie_lifestyle,unknown,58.088277579759634,D,unknown
boo_chong,Art,unknown,unknown,unknown
mansonvibes,Music,unknown,unknown,unknown
elenakongmayyee,Art,321.2013325711229,A,"['gwgurlie86', 'sammkoling', 'nwuuu', 'ghlchan', 'selenaleelalee', 'kungkaty', 'kaman_kong', 'sammi_chengsauman', 'louisa_mak', 'sharonchanmanchi', 'wongtsuiyu']"
ahfavslife,Art,155.05647384107007,B,unknown
alysonhau,Art,7.491879707213829,D,unknown
greenmonday.david,Art,unknown,unknown,unknown
kerrytachau,Art,unknown,unknown,unknown
heyclaire,Art,1142.056061591164,A,unknown
guillaumemabilleau,Art,541.5326522758426,A,unknown
cosstores,Art,unknown,unknown,unknown
rainkywai,Art,unknown,unknown,unknown
manner__official,Art,unknown,unknown,unknown
yellowhk_ig,unknown,unknown,unknown,unknown
craigdavid,Art,unknown,unknown,unknown
ballqueen,Art,unknown,unknown,unknown
jaer_tattoo,Art,unknown,unknown,unknown
_marimadrid,Art,437.50847296594833,A,unknown
davezhangphoto,unknown,unknown,unknown,unknown
sofiee_ng,Art,unknown,unknown,unknown
byeian,Art,unknown,unknown,unknown
sammi_chengsauman,Art,unknown,unknown,"['wang_liza', 'sammkoling', 'stboo', 'wongmanyik', 'tracytschu', 'yeungchinwah', 'wong_manman', 'shi_ga', 'yannyyc', 'tavia_yeung', 'thatdanielwu', 'yungchoyee', 'vvyeo', 'sandrangky', 'yuyanpeng', 'wongyuenb', 'vincentwong07', 'saxyphil', 'yuenkaka', 'sqwhat', 'tinyuilee', 'sisleychoi', 'yiplinsum', 'yumiko.chengy', 'taylorswift', 'yingcaier', 'zozotam1o1o', 'victoriabeckham', 'selenaleelalee', 'sammy903', 'snow711', 'sharonchanmanchi', 'wongtsuiyu']"
maanavihomes,Art,290.22586929643103,B,unknown
foodsearchers,unknown,unknown,unknown,unknown
jlin7,Art,unknown,unknown,unknown
nozomisasaki_official,Art,unknown,unknown,unknown
malisheep,Art,unknown,unknown,unknown
solvilettitusofficial,Art,19.760462878076616,D,unknown
edwinsiu,Art,unknown,unknown,"['hubertwu', 'misselvani', 'mayannem', 'sammkoling', 'wang_liza', 'tracytschu', 'kungkaty', 'lawjoey', 'sammi_chengsauman', 'jackhero5', 'wong_manman', 'kaytse', 'owencheung', 'hinscheung', 'kandybubu', 'hoi1218', 'louischeung2013', 'louisa_mak', 'tavia_yeung', 'kwangorrrrrr', 'kelllycheung', 'lokyilai', 'yungchoyee', 'roxannetong', 'vvyeo', 'myoliemyolie', 'rosinalam', 'lukhoo', 'joelshanchung', 'punkhippie', 'vincentwong07', 'elaine_yiu', 'sisleychoi', 'jwchubz', 'laiwinki', 'natalietong53', 'missjni', 'gwgurlie86', 'sharonchanmanchi', 'nwuuu', 'zozotam1o1o', 'ghlchan', 'selenaleelalee', 'sammy903', 'matthew_hkp', 'guruhung', 'wongtsuiyu', 'heungheungeliza']"
nwuuu,Art,2657.95675194602,A,"['wang_liza', 'sammkoling', 'stboo', 'wongmanyik', 'tracytschu', 'wonghoyinraymond', 'yeungchinwah', 'sammi_chengsauman', 'therivergirl', 'wong_manman', 'owencheung', 'shi_ga', 'tvbcomhk', 'princejoyce', 'rebecca_zhu', 'rucochan', 'tavia_yeung', 'toby_yanyan', 'yungchoyee', 'yeunghatou', 'roxannetong', 'vvyeo', 'yuyanpeng', 'q_gill', 'rosinalam', 'punkhippie', 'vincentwong07', 'physit', 'sqwhat', 'sisleychoi', 'yiplinsum', 'rahrahsong', 'yingcaier', 'paisleyhu', 'zozotam1o1o', 'straightblast5', 'selenaleelalee', 'sammy903', 'snow711', 'sharonchanmanchi', 'wongtsuiyu']"
mytvsuper,Art,unknown,unknown,unknown
uglykwan,Art,unknown,unknown,unknown
claudiepierlot,Art,unknown,unknown,unknown
valeriesyw,Art,8.372151721190239,D,unknown
model_sweet02,unknown,unknown,unknown,unknown
rona.tsui,Art,unknown,unknown,unknown
c_allstar,Art,96.7771296106796,C,unknown
phoebspang,Art,97.3753012366614,C,unknown
tarikedizofficial,Art,unknown,unknown,unknown
sharonchanmanchi,Art,unknown,unknown,"['vvyeo', 'wang_liza', 'zozotam1o1o', 'yungchoyee', 'vincentwong07', 'tracytschu', 'yeungchinwah', 'snow711', 'tavia_yeung', 'wongtsuiyu', 'sisleychoi', 'wong_manman']"
llokmann,Art,unknown,unknown,"['tiger_yny', 'stanleysc_']"
theyeechoo,unknown,39.65192676933927,D,unknown
santiagokwok12,Art,unknown,unknown,unknown
yanyan_c,Art,unknown,unknown,unknown
mr_n_mrs_moon,Travel,unknown,unknown,unknown
jerry_liu,Art,4.267992886359127,D,unknown
theartofplating,Art,1614.8903837449789,A,unknown
leoku,Art,258.1471335622511,B,unknown
licharlia,Art,unknown,unknown,unknown
cherryhui0925,unknown,unknown,unknown,unknown
pamelacheung,Art,349.38785426707256,A,unknown
kwcmh,Art,4.028903979735919,D,unknown
rene_superawesome,Art,112.8538930978008,C,unknown
privatezoo,Acting/Media,unknown,unknown,unknown
_kisang_,Art,unknown,unknown,"['misselvani', 'concertyy', 'deegor_hkwa', 'frankie729', 'jacechw', 'kootinlok_louis', 'altonwongz', 'hinscheung', 'edanlui', 'mcheung1201', 'mirror.weare', 'fatboyip', 'terencelam0903', 'iamkingjer', 'k_p0k1', 'pumpkinjojoinstagram', 'ahfa0908', 'stanleysc_', 'llokmann', 'deniskwok193', 'jeremylaous', 'ansonlht', 'tiger_yny', 'iancychan', 'keung_show', 'kb_kevinboy', 'jeremy_0908']"
teodorta,Art,unknown,unknown,unknown
mai.journal,Art,unknown,unknown,unknown
crayon_shinchan1314,Art,unknown,unknown,unknown
jungraphy_,Art,unknown,unknown,unknown
yogachung,Art,unknown,unknown,unknown
joanneyew_,Art,unknown,unknown,unknown
playmaker,Art,unknown,unknown,unknown
ww917,Art,7.163761945810399,D,unknown
kikomilano,Art,unknown,unknown,unknown
lokyi_mui,Art,84.4607376739438,D,unknown
as1.entertainment,Acting/Media,unknown,unknown,unknown
rositakpyy,Art,unknown,unknown,unknown
ameyummycollection,Art,unknown,unknown,unknown
hakkaphil,Art,unknown,unknown,unknown
awansauce,Art,unknown,unknown,"['sammi_chengsauman', 'jackhero5', 'wong_manman', 'kaytse', 'do_do_cheng', 'chakwilliam', 'hoi1218', 'bob_lamshingbun', 'roxannetong', 'vvyeo', 'elaine_yiu', 'jwchubz', 'choisaaaa', 'gwgurlie86', 'sharonchanmanchi', 'nwuuu', 'ghlchan', 'sammy903', 'guruhung', 'wongtsuiyu', 'heungheungeliza']"
jacquelinewong0205,Art,unknown,unknown,unknown
andreaso_,Art,unknown,unknown,"['wang_liza', 'misselvani', 'sammkoling', 'mayannem', 'derekwong726', 'chenchiyiu', 'numberonepr', 'kungkaty', 'lawjoey', 'bella_lam', 'jackhero5', 'jinnyng', 'arryuu', 'owencheung', 'hinscheung', 'kandybubu', 'do_do_cheng', 'hoi1218', 'chakwilliam', 'kaman_kong', 'louisa_mak', 'louischeung2013', 'bob_lamshingbun', 'kelllycheung', 'lokyilai', 'roxannetong', 'snow711', 'kan_jessica', 'rosinalam', 'lukhoo', 'sukman_lam', 'gloriapuiyeetang', 'itstiffanylau', 'elaine_yiu', 'sisleychoi', 'jwchubz', 'judy.kwong', 'ashley_ellabel', 'crystalfyy', 'bobcyp1005', 'gwgurlie86', 'missjni', 'nwuuu', 'momong629', 'ghlchan', 'matthew_hkp', 'joeythyee', 'wongtsuiyu']"
fen_yuen,unknown,unknown,unknown,unknown
janetagram,Art,unknown,unknown,unknown
keyforfood,Art,unknown,unknown,unknown
orlinskishop,Art,unknown,unknown,unknown
wuyanching,Art,unknown,unknown,unknown
natgeointhefield,Art,unknown,unknown,unknown
blissmeetingfilm,Art,unknown,unknown,unknown
kimmanw,Music,36.60296802806776,D,unknown
herachann,Art,unknown,unknown,"['hubertwu', 'misselvani', 'sammkoling', 'wang_liza', 'mayannem', 'lalalalisa_m', 'lawjoey', 'jinnyng', 'owencheung', 'hinscheung', 'kayeepo', 'kandybubu', 'hoi1218', 'kaman_kong', 'louischeung2013', 'louisa_mak', 'kelllycheung', 'lokyilai', 'roxannetong', 'snow711', 'lukhoo', 'jennierubyjane', 'itstiffanylau', 'sisleychoi', 'jwchubz', 'laiwinki', 'sammy903', 'matthew_hkp', 'joeythyee', 'wongtsuiyu', 'heungheungeliza']"
lqamy,Art,unknown,unknown,unknown
limankit_lizli,Travel,unknown,unknown,unknown
gracechowwwww,Art,4261.660670837184,A,unknown
szetosifu,Art,93.4130972418191,C,unknown
saxyphil,Art,274.5463904099572,B,unknown
miyeonjj,Art,unknown,unknown,unknown
mingfai_yick,Art,unknown,unknown,unknown
siuhinng,Art,57.42146727528501,D,unknown
candies_wawa,Art,unknown,unknown,unknown
yangyangfavour,Art,unknown,unknown,unknown
no7,Art,unknown,unknown,unknown
jam_cutepig,Art,821.044518580363,A,unknown
hcfiona,Art,unknown,unknown,unknown
iamkennethlau,Education,unknown,unknown,unknown
levis,Art,unknown,unknown,unknown
53yfp,Art,unknown,unknown,unknown
kasin520,Art,unknown,unknown,unknown
skechershk,Art,17.447992564488533,D,unknown
dearjaneofficial,Art,232.428846978232,B,unknown
margaretzhang,Art,2762.092969536599,A,unknown
thefoodpunch,unknown,unknown,unknown,unknown
joelshanchung,Art,570.4225433810719,A,"['wang_liza', 'sammkoling', 'wonghoyinraymond', 'lawjoey', 'sammi_chengsauman', 'wong_manman', 'kaytse', 'louisa_mak', 'louischeung2013', 'rucochan', 'tavia_yeung', 'kwangorrrrrr', 'lokyilai', 'roxannetong', 'vvyeo', 'myoliemyolie', 'rosinalam', 'lukhoo', 'punkhippie', 'sisleychoi', 'jwchubz', 'natalietong53', 'nwuuu', 'selenaleelalee', 'sammy903', 'matthew_hkp', 'sharonchanmanchi', 'wongtsuiyu']"
callstar.assemble,Music,unknown,unknown,unknown
zpecial_hk,Art,unknown,unknown,unknown
amy.chai.is.drawing,Art,unknown,unknown,unknown
_chellechan,Art,5.480119363298859,D,unknown
terencelam0903,Art,unknown,unknown,unknown
ashaetc,Art,unknown,unknown,unknown
sonyaaa_ly,Art,unknown,unknown,unknown
rucochan,Art,unknown,unknown,"['wongtsuiyu', 'vincentwong07', 'sammi_chengsauman']"
chankawoon,Art,unknown,unknown,unknown
davidbeckham,Art,unknown,unknown,"['misselvani', 'ngk', 'lalalalisa_m', 'falachenfala', 'yeungchinwah', 'sammi_chengsauman', 'dior', 'kaytse', 'hinscheung', 'kandybubu', 'do_do_cheng', 'princejoyce', 'louischeung2013', 'yungchoyee', 'emmawatson', 'gigihadid', 'q_gill', 'punkhippie', 'kendalljenner', 'iamkingjer', 'sqwhat', 'physit', 'prada', 'jaychou', 'victoriabeckham', 'ghlchan', 'sammy903', 'heungheungeliza']"
lawjoey,Art,unknown,unknown,"['wang_liza', 'mayannem', 'sammkoling', 'tracytschu', 'sammi_chengsauman', 'sammicheung926', 'wong_manman', 'nostalgicoutlaw', 'owencheung', 'shi_ga', 'rebecca_zhu', 'louischeung2013', 'rucochan', 'louisa_mak', 'toby_yanyan', 'lokyilai', 'tingfung0602', 'roxannetong', 'vvyeo', 'rosinalam', 'lukhoo', 'punkhippie', 'vincentwong07', 'lisa_chng', 'sisleychoi', 'natalietong53', 'missjni', 'zozotam1o1o', 'nwuuu', 'straightblast5', 'momong629', 'selenaleelalee', 'sammy903', 'matthew_hkp', 'snow711', 'sharonchanmanchi', 'wongtsuiyu']"
jillieong,Art,unknown,unknown,unknown
hkdisneyland,Art,unknown,unknown,unknown
benz_hui,Art,unknown,unknown,unknown
carrielam.hksar,Art,unknown,unknown,unknown
tsetakhim,Art,8.775918340497409,D,unknown
jwchubz,Art,unknown,unknown,"['numberonepr', 'misselvani', 'sammkoling', 'mayannem', 'wang_liza', 'wongmanyik', 'lalalalisa_m', 'tracytschu', 'kungkaty', 'yeungchinwah', 'lawjoey', 'sammi_chengsauman', 'yuduck', 'real_ting', 'wong_manman', 'kaytse', 'kootinlok_louis', 'mreasonchan', 'karl_ting', 'owencheung', 'koonella', 'shi_ga', 'kandybubu', 'yannyyc', 'princejoyce', 'kaman_kong', 'louischeung2013', 'louisa_mak', 'kwangorrrrrr', 'kelllycheung', 'lokyilai', 'yungchoyee', 'mcheung1201', 'roxannetong', 'vvyeo', 'myoliemyolie', 'rosinalam', 'lukhoo', 'q_gill', 'punkhippie', 'vincentwong07', 'physit', 'saxyphil', 'sqwhat', 'tinyuilee', 'sisleychoi', 'yiplinsum', 'laiwinki', 'natalietong53', 'mayaoo', 'missjni', 'paisleyhu', 'zozotam1o1o', 'nwuuu', 'laurinda_ho', 'michellewsn', 'momong629', 'selenaleelalee', 'sammy903', 'karenalamkayan', 'kittyyuen', 'matthew_hkp', 'snow711', 'sharonchanmanchi', 'wongtsuiyu', 'kayeepo']"
bonnieschan,unknown,unknown,unknown,unknown
aliceha,unknown,unknown,unknown,unknown
yacouoff,Art,251.89325331131076,B,unknown
omgbasketball_hk,Art,unknown,unknown,unknown
amandastrang_,Art,93.79042925962963,C,unknown
cotton_ckc,Art,299.1277757126388,B,unknown
ipsvipclub,Art,290.76115886536314,B,unknown
annabella.woo,Art,109.03271837979524,C,unknown
lgvietnam,Art,unknown,unknown,unknown
leekwunyu,Art,unknown,unknown,unknown
shangrilayt,Art,unknown,unknown,unknown
fungpoyan,Art,71.29837796512183,D,unknown
edanlui,Art,unknown,unknown,"['lam2', 'kayan9896', 'misselvani', 'viutv', 'gareth_tong', 'lalalalisa_m', 'jayfungmusic', 'sammi_chengsauman', 'l_for_louise', 'frankie729', 'kaytse', 'jimyan', 'jacechw', 'pantherchan', 'kootinlok_louis', 'hinscheung', 'mikeeeee___', 'princejoyce', 'louischeung2013', 'fish331', 'yungchoyee', 'mcheung1201', 'mirror.weare', 'fatboyip', 'terencelam0903', 'gwendolyn.spot', 'iamkingjer', 'kearenpang', 'physit', 'jennierubyjane', 'k_p0k1', 'pumpkinjojoinstagram', 'jaychou', 'mayaoo', 'hanatam', 'neoyau19', 'stanleysc_', 'gwgurlie86', 'llokmann', 'lauchunhim.terrance', 'jeremylaous', 'sammy903', 'tiger_yny', 'iancychan', 'hui_alfred', 'kakisham', 'ilovemyoq', 'keung_show', 'kb_kevinboy', 'jeremy_0908']"
lynnx1010,Art,146.77698311364995,B,unknown
kabeecheung,unknown,unknown,unknown,unknown
cynthia.m.s,Art,unknown,unknown,unknown
lam1hey,Art,unknown,unknown,"['sammy903', 'sammi_chengsauman']"
bie_l,Art,unknown,unknown,unknown
xeniachong,Art,unknown,unknown,unknown
king_mcwhorter,Art,99.4535576175846,C,unknown
hailey_jane,Art,unknown,unknown,unknown
mikiyeung,Art,188.2529997484146,B,unknown
dude_clothing,unknown,76.94583530132988,D,unknown
utravel,Art,445.3164075750199,A,unknown
barrettbott,Art,130.91414339461647,C,unknown
wolf_ytbbbb,Art,unknown,unknown,unknown
melomelojai,Art,unknown,unknown,unknown
matthew_hkp,Art,362.2744218471519,A,"['wang_liza', 'misselvani', 'mayannem', 'sammkoling', 'sammi_chengsauman', 'wong_manman', 'owencheung', 'tvbcomhk', 'yungchoyee', 'roxannetong', 'rosinalam', 'punkhippie', 'vincentwong07', 'sisleychoi', 'natalietong53', 'missjni', 'zozotam1o1o', 'nwuuu', 'momong629', 'sammy903', 'snow711', 'wongtsuiyu']"
llh.story,Art,unknown,unknown,unknown
zaak6naam4,Art,101.60316515213734,C,unknown
angelc_ky,Art,142.73649875498003,B,unknown
kikoleungyan,Art,147.16716477416566,B,unknown
meethkcom,Art,367.8937792562317,A,unknown
lidi_k,Art,132.29939125219985,C,unknown
hoccgoomusic,Art,756.5503776278074,A,"['kaytse', 'sammi_chengsauman']"
harpersbazaarhk,Art,unknown,unknown,unknown
fredcheng83,Art,unknown,unknown,"['hubertwu', 'misselvani', 'yeungchinwah', 'sammi_chengsauman', 'kaytse', 'jinnyng', 'hinscheung', 'kandybubu', 'louischeung2013', 'kwangorrrrrr', 'yungchoyee', 'punkhippie', 'honganc', 'jwchubz', 'gwgurlie86', 'ghlchan', 'sammy903', 'snow711', 'guruhung', 'wongtsuiyu', 'heungheungeliza']"
city_sketch,Art,unknown,unknown,unknown
georgiakategordon,Art,unknown,unknown,unknown
coffee89921,Art,1746.784120284967,A,"['misselvani', 'davidbeckham', 'heidibibe', 'stboo', 'ngk', 'concertyy', 'wongmanyik', 'lalalalisa_m', 'gregorywong', 'falachenfala', 'kungkaty', 'yeungchinwah', 'sammi_chengsauman', 'rainie77', 'real_ting', 'kaytse', 'jacechw', 'kootinlok_louis', 'hinscheung', 'koonella', 'yannyyc', 'kandybubu', 'do_do_cheng', 'princejoyce', 'louischeung2013', 'louisa_mak', 'kelllycheung', 'yungchoyee', 'mcheung1201', 'roxannetong', 'snow711', 'fatboyip', 'q_gill', 'tosiukiu', 'punkhippie', 'terencelam0903', 'physit', 'iamkingjer', 'sqwhat', 'jennierubyjane', 'yuenkaka', 'tinyuilee', 'elaine_yiu', 'sisleychoi', 'jwchubz', 'joyfulck', 'jaychou', 'pumpkinjojoinstagram', 'hanatam', 'yingcaier', 'missjni', 'gwgurlie86', 'lucy.is.good', 'laurinda_ho', 'michellewsn', 'suechangg', 'ghlchan', 'sammy903', 'keung_show', 'karenalamkayan', 'kittyyuen', 'hui_alfred', 'elephantdee', 'guruhung', 'wongtsuiyu', 'heungheungeliza']"
jwomusic,Art,unknown,unknown,unknown
wungani,unknown,212.71048201859665,B,unknown
roma_trend,unknown,105.89730273084622,C,unknown
rikkolee,Art,89.22482665859302,D,unknown
travelnphoto,Art,unknown,unknown,unknown
icy.wong,unknown,unknown,unknown,unknown
michele_monique_reis,Art,unknown,unknown,unknown
mayaoo,Art,318.2111921336413,A,"['numberonepr', 'misselvani', 'yannyyc', 'punkhippie', 'sammy903', 'princejoyce', 'sammi_chengsauman', 'real_ting', 'yungchoyee']"
chloechenlove,Art,unknown,unknown,unknown
79hkartist,Art,unknown,unknown,unknown
esteelauder_hk,Art,unknown,unknown,unknown
elena1201,Art,unknown,unknown,unknown
odyleung,Art,unknown,unknown,unknown
hebeau,Art,unknown,unknown,unknown
guruhung,Art,unknown,unknown,"['misselvani', 'jackhero5', 'wong_manman', 'kaytse', 'owencheung', 'yannyyc', 'rucochan', 'yungchoyee', 'rosinalam', 'joelshanchung', 'iamkingjer', 'physit', 'yuenkaka', 'zozotam1o1o', 'momong629', 'sammy903', 'kayeepo', 'heungheungeliza', 'hubertwu', 'mayannem', 'jessie_sum', 'therivergirl', 'quicheung', 'hoi1218', 'kwangorrrrrr', 'lokyilai', 'roxannetong', 'punkhippie', 'vincentwong07', 'sqwhat', 'jwchubz', 'pumpkinjojoinstagram', 'hanatam', 'gwgurlie86', 'nwuuu', 'wongtsuiyu', 'numberonepr', 'sammkoling', 'tracytschu', 'sammi_chengsauman', 'kootinlok_louis', 'hinscheung', 'shi_ga', 'kaman_kong', 'louischeung2013', 'jacquelinebwong', 'vvyeo', 'lukhoo', 'honganc', 'sisleychoi', 'uglykwan', 'laiwinki', 'natalietong53', 'mayaoo', 'rahrahsong', 'missjni', 'michellewsn', 'kittyyuen', 'matthew_hkp', 'hui_alfred', 'snow711', 'joeythyee', 'sharonchanmanchi', 'wang_liza', 'heidibibe', 'ngk', 'wongmanyik', 'kungkaty', 'yeungchinwah', 'lawjoey', 'kelly.fuu', 'real_ting', 'jinnyng', 'koonella', 'kandybubu', 'princejoyce', 'rebecca_zhu', 'louisa_mak', 'kelllycheung', 'yeunghatou', 'jacquelinchng', 'myoliemyolie', 'tinyuilee', 'selenaleelalee']"
yylamjayden,Art,187.2506435111578,B,unknown
cheyuenyuen1228,Art,139.7918314963466,C,unknown
liliankan,Art,435.9103358255371,A,unknown
karena_ngs,Art,unknown,unknown,unknown
jacechw,Art,246.53412095369987,B,"['mcheung1201', 'sabrinasa', 'kayan9896', 'jeremylaous', 'terencelam0903', 'l_for_louise', 'keung_show', 'pumpkinjojoinstagram', 'kb_kevinboy']"
fungblackandwhite,Art,134.8072459202831,C,unknown
cherrietam,Art,unknown,unknown,unknown
hongkong_doll,Art,430.50116609415386,A,unknown
dreamsmountain_,Art,unknown,unknown,unknown
ulifestylehk,Art,1127.610004783808,A,unknown
fhproductionhk,Art,unknown,unknown,unknown
be_hk,Art,236.99476141268133,B,unknown
ohmamama,unknown,unknown,unknown,unknown
tv5manila,Art,unknown,unknown,unknown
drwilliamlo,Art,unknown,unknown,unknown
ekin_cheng_official,unknown,unknown,unknown,unknown
hktvbfan,Art,179.89321360187816,B,unknown
kevinsamuelmpg,Art,211.15184418486507,B,unknown
wysminnie,Art,136.61449265077457,C,unknown
dkanipe,unknown,100.171120053359,C,unknown
reveeyewear,unknown,137.14855615051286,C,unknown
lookrightt,Art,unknown,unknown,unknown
wingt,Art,unknown,unknown,unknown
aloha6969,Art,162.5549726211955,B,unknown
kb_kevinboy,Art,253.4495944477889,B,"['mcheung1201', 'punkhippie', 'terencelam0903', 'sammy903', 'yeungchinwah', 'sammi_chengsauman', 'louischeung2013', 'yungchoyee']"
emjay_bymichaelsmith,Art,unknown,unknown,unknown
angus_cwk,Art,unknown,unknown,unknown
kibongesexy,Art,unknown,unknown,unknown
vivivvtam,Art,unknown,unknown,unknown
cheungwinghong,Art,unknown,unknown,"['hubertwu', 'kungkaty', 'lawjoey', 'sammi_chengsauman', 'kaytse', 'owencheung', 'hinscheung', 'kandybubu', 'do_do_cheng', 'hoi1218', 'kaman_kong', 'louisa_mak', 'louischeung2013', 'kwangorrrrrr', 'lokyilai', 'lukhoo', 'elaine_yiu', 'zozotam1o1o', 'nwuuu', 'ghlchan', 'sammy903', 'wongtsuiyu']"
misselvani,Art,1464.7350683565974,A,"['wong_cho_lam', 'numberonepr', 'wang_liza', 'sammkoling', 'stboo', 'ngk', 'wongmanyik', 'zelia', 'tracytschu', 'yeungchinwah', 'sammi_chengsauman', 'yuduck', 'rainie77', 'real_ting', 'wong_manman', 'mreasonchan', 'quicheung', 'owencheung', 'nk830', 'shi_ga', 'yannyyc', 'princejoyce', 'yungchoyee', 'roxannetong', 'yuyanpeng', 'myoliemyolie', 'thegoodquote', 'q_gill', 'rosinalam', 'punkhippie', 'terencelam0903', 'physit', 'yuenkaka', 'sqwhat', 'sisleychoi', 'yiplinsum', 'pumpkinjojoinstagram', 'uglykwan', 'natalietong53', 'rahrahsong', 'yingcaier', 'missjni', 'zozotam1o1o', 'nwuuu', 'victoriabeckham', 'suechangg', 'selenaleelalee', 'sammy903', 'snow711', 'sharonchanmanchi', 'wongtsuiyu']"
ntl.fung,Art,unknown,unknown,unknown
wongcandy,Art,unknown,unknown,unknown
fit1world,Art,123.2507306373809,C,unknown
brenlui,Art,unknown,unknown,unknown
angelaliuy,Art,unknown,unknown,unknown
ayanbubi,unknown,unknown,unknown,unknown
newmondayplus,Art,unknown,unknown,unknown
slcofficial_,unknown,unknown,unknown,unknown
gwendolyn.spot,Art,292.98294910931725,B,"['lam2', 'misselvani', 'sammi_chengsauman', 'kaytse', 'jacechw', 'mreasonchan', 'hinscheung', 'princejoyce', 'louischeung2013', 'mcheung1201', 'terencelam0903', 'physit', 'tysonyoshi', 'k_p0k1', 'pumpkinjojoinstagram', 'neoyau19', 'jeremylaous', 'sammy903', 'kittyyuen', 'hui_alfred', 'keung_show', 'kb_kevinboy']"
eddie_ilovefood777,Art,unknown,unknown,unknown
mcheung1201,Art,unknown,unknown,"['sabrinasa', 'pantherchan', 'misselvani', 'terencelam0903', 'sammy903', 'tysonyoshi', 'sammi_chengsauman', 'pumpkinjojoinstagram']"
bestcouple.ten,Art,113.0629918178862,C,unknown
bpressk,Art,247.02992113484729,B,unknown
lamtszsin413,Art,unknown,unknown,unknown
dino_hira,Art,184.859922033304,B,unknown
honam.thehusky,Art,0.5707738543611871,D,unknown
kyliejennersoutfit,Art,unknown,unknown,unknown
szekikk,Art,113.61780581354184,C,unknown
moviematic,Art,450.5139244872389,A,unknown
pepecrabs,Art,unknown,unknown,unknown
lightisthenight,Art,147.5954350314326,B,unknown
educational_innovations,Art,89.70808903046117,D,unknown
kiwichingg,Art,unknown,unknown,unknown
yuen_man_kit,Art,unknown,unknown,unknown
iam.manson,Art,166.371762825531,B,unknown
happykzee,Art,unknown,unknown,unknown
torres_pit,Art,unknown,unknown,unknown
weekendweekly,Art,889.2379656766919,A,unknown
leungpakkin,Art,148.2304231640698,B,unknown
em_____________,Art,unknown,unknown,unknown
sophieysm,Art,unknown,unknown,unknown
tosiukiu,Art,unknown,unknown,unknown
poortravellers,Art,unknown,unknown,unknown
lawrenceng_1999,Art,unknown,unknown,unknown
cceciliayeung,Art,unknown,unknown,"['sammi_chengsauman', 'hinscheung']"
mikymanman,Art,unknown,unknown,unknown
realbasketballcoach,Art,unknown,unknown,unknown
kitling_chan,Art,unknown,unknown,unknown
moannaxdessire,Art,unknown,unknown,unknown
leemaishun,Art,unknown,unknown,unknown
f.o.v_,Art,171.13791784581915,B,unknown
pantinka,Art,134.1872036574326,C,unknown
joshua1013,unknown,309.201469484578,B,unknown
samstailor,Art,unknown,unknown,unknown
joeyyysze,Art,unknown,unknown,unknown
michellewsn,Art,unknown,unknown,"['misselvani', 'nwuuu', 'stboo', 'yannyyc', 'wongmanyik', 'punkhippie', 'sammy903', 'physit', 'sqwhat', 'princejoyce', 'yeungchinwah', 'sammi_chengsauman', 'wongtsuiyu', 'yungchoyee']"
amberchann46,Art,121.28627031283791,C,unknown
ziyachiang,Art,unknown,unknown,unknown
umagazinehk,Art,612.0777174834642,A,unknown
alamfish,Art,unknown,unknown,"['numberonepr', 'misselvani', 'stboo', 'ngk', 'concertyy', 'wongmanyik', 'falachenfala', 'jayfungmusic', 'yeungchinwah', 'sammi_chengsauman', 'chanelofficial', 'real_ting', 'kaytse', 'jimyan', 'hinscheung', 'yannyyc', 'kandybubu', 'shi_ga', 'do_do_cheng', 'princejoyce', 'louischeung2013', 'kwangorrrrrr', 'yungchoyee', 'hilaryxtsui', 'q_gill', 'punkhippie', 'iamkingjer', 'physit', 'sqwhat', 'jwchubz', 'mayaoo', 'choisaaaa', 'gwgurlie86', 'laurinda_ho', 'michellewsn', 'ghlchan', 'alexfongliksun', 'sammy903', 'keung_show', 'hui_alfred', 'guruhung', 'chrissienana', 'heungheungeliza', 'ckw720', 'kb_kevinboy']"
charlie1129999,Art,201.7932111974077,B,unknown
beginneros,Art,351.84730844901173,A,unknown
chantalebelle,Art,unknown,unknown,unknown
w.ballade,Art,unknown,unknown,unknown
vincychan,Art,154.84545163194244,B,unknown
aikonari.art,Art,unknown,unknown,unknown
slime3d,Art,unknown,unknown,unknown
regenc,Art,unknown,unknown,unknown
choccccc,Art,unknown,unknown,unknown
jackhero5,Art,unknown,unknown,"['numberonepr', 'wang_liza', 'sammkoling', 'mayannem', 'misselvani', 'kungkaty', 'sammi_chengsauman', 'lawjoey', 'kelly.fuu', 'wong_manman', 'jinnyng', 'kaytse', 'owencheung', 'nostalgicoutlaw', 'kandybubu', 'tvbcomhk', 'kaman_kong', 'rebecca_zhu', 'louisa_mak', 'louischeung2013', 'jacquelinebwong', 'kwangorrrrrr', 'toby_yanyan', 'kelllycheung', 'lokyilai', 'yeunghatou', 'yungchoyee', 'roxannetong', 'kalok_', 'vvyeo', 'jacquelinchng', 'myoliemyolie', 'rosinalam', 'lukhoo', 'joelshanchung', 'sukman_lam', 'vincentwong07', 'punkhippie', 'sisleychoi', 'jwchubz', 'laiwinki', 'yiplinsum', 'natalietong53', 'missjni', 'zozotam1o1o', 'nwuuu', 'straightblast5', 'momong629', 'sammy903', 'matthew_hkp', 'snow711', 'sharonchanmanchi', 'wongtsuiyu', 'kayeepo']"
laiwinki,Art,418.965563175191,A,"['wang_liza', 'misselvani', 'sammkoling', 'mayannem', 'wongmanyik', 'lawjoey', 'sammi_chengsauman', 'wong_manman', 'owencheung', 'louischeung2013', 'louisa_mak', 'lokyilai', 'roxannetong', 'vvyeo', 'rosinalam', 'lukhoo', 'punkhippie', 'vincentwong07', 'sisleychoi', 'natalietong53', 'zozotam1o1o', 'nwuuu', 'momong629', 'sammy903', 'matthew_hkp', 'snow711', 'sharonchanmanchi', 'wongtsuiyu']"
christineng,Art,unknown,unknown,unknown
westtung,Art,unknown,unknown,unknown
jameswnc,Art,unknown,unknown,unknown
innarhighfield,unknown,88.92208295134498,D,unknown
jackwu823,Art,133.36496911203062,C,unknown
angelchu,Art,unknown,unknown,unknown
fiveson5,Art,unknown,unknown,unknown
lamlamjessie,Art,102.47585681676772,C,unknown
farhanfirms,Art,unknown,unknown,unknown
babyjohnchoi,Art,unknown,unknown,unknown
xoxofei,Art,unknown,unknown,unknown
misha_shia,Art,unknown,unknown,unknown
dorothyma,Art,94.45259221359272,C,unknown
footballnewsexpress,Art,unknown,unknown,unknown
sophibae,Art,unknown,unknown,unknown
amber.tcy,Art,184.99071515754997,B,unknown
feannasswag,Art,104.8911658497432,C,unknown
sabrinapingping_,Art,601.9839572653237,A,unknown
ltmptofficial,Art,1759.5207094448406,A,unknown
lee.chuen,Art,unknown,unknown,unknown
chingslimeso,Art,unknown,unknown,unknown
hoi1218,Art,unknown,unknown,"['hubertwu', 'wang_liza', 'mayannem', 'sammkoling', 'misselvani', 'numberonepr', 'tracytschu', 'kungkaty', 'lawjoey', 'sammi_chengsauman', 'jackhero5', 'kelly.fuu', 'wong_manman', 'jinnyng', 'kaytse', 'owencheung', 'nostalgicoutlaw', 'kandybubu', 'kaman_kong', 'louisa_mak', 'louischeung2013', 'rucochan', 'jacquelinebwong', 'kwangorrrrrr', 'kelllycheung', 'lokyilai', 'yungchoyee', 'roxannetong', 'vvyeo', 'myoliemyolie', 'rosinalam', 'lukhoo', 'joelshanchung', 'punkhippie', 'vincentwong07', 'iamkingjer', 'yuenkaka', 'honganc', 'sisleychoi', 'jwchubz', 'joyfulck', 'laiwinki', 'natalietong53', 'yiplinsum', 'joeythyee', 'paisleyhu', 'zozotam1o1o', 'nwuuu', 'momong629', 'selenaleelalee', 'sammy903', 'matthew_hkp', 'snow711', 'sharonchanmanchi', 'wongtsuiyu', 'kayeepo']"
ginleeginlee,Art,unknown,unknown,"['louischeung2013', 'kaytse', 'hui_alfred', 'hinscheung']"
crystalfyy,Art,730.6814393622903,A,"['hubertwu', 'misselvani', 'sammkoling', 'mayannem', 'numberonepr', 'wang_liza', 'wongmanyik', 'lalalalisa_m', 'tracytschu', 'falachenfala', 'kungkaty', 'sammi_chengsauman', 'lawjoey', 'jackhero5', 'wong_manman', 'kaytse', 'jinnyng', 'karl_ting', 'owencheung', 'hinscheung', 'kayeepo', 'kandybubu', 'shi_ga', 'do_do_cheng', 'hoi1218', 'herachann', 'kaman_kong', 'rainkywai', 'louischeung2013', 'louisa_mak', 'jacquelinebwong', 'kwangorrrrrr', 'kelllycheung', 'lokyilai', 'yungchoyee', 'roxannetong', 'snow711', 'kan_jessica', 'rosinalam', 'lukhoo', 'guruhung', 'punkhippie', 'iamkingjer', 'gloriapuiyeetang', 'itstiffanylau', 'elaine_yiu', 'sisleychoi', 'jwchubz', 'laiwinki', 'natalietong53', 'judy.kwong', 'missjni', 'gwgurlie86', 'nwuuu', 'momong629', 'ghlchan', 'selenaleelalee', 'sammy903', 'matthew_hkp', 'joeythyee', 'sharonchanmanchi', 'wongtsuiyu', 'heungheungeliza']"
kelvin_yuen_,Art,unknown,unknown,unknown
cheronna,Art,unknown,unknown,"['hubertwu', 'misselvani', 'heidibibe', 'concertyy', 'falachenfala', 'yeungchinwah', 'sammi_chengsauman', 'kaytse', 'kootinlok_louis', 'mreasonchan', 'quicheung', 'hinscheung', 'yannyyc', 'kandybubu', 'shi_ga', 'princejoyce', 'louischeung2013', 'cherrysavor', 'yungchoyee', 'jessicatsoi', 'punkhippie', 'iamkingjer', 'physit', 'on_callstar', 'jwchubz', 'choisaaaa', 'gwgurlie86', 'sammy903', 'kittyyuen', 'hui_alfred', 'guruhung', 'wongtsuiyu', 'heungheungeliza', 'ckw720']"
unclesiuenglish,Art,unknown,unknown,unknown
heungheungeliza,Art,unknown,unknown,"['misselvani', 'zelia', 'jackhero5', 'wong_manman', 'kaytse', 'owencheung', 'nk830', 'yannyyc', 'rucochan', 'yungchoyee', 'hilaryxtsui', 'q_gill', 'rosinalam', 'joelshanchung', 'iamkingjer', 'kendalljenner', 'physit', 'saxyphil', 'yuenkaka', 'itstiffanylau', 'joyfulck', 'jaychou', 'taylorswift', 'yingcaier', 'paisleyhu', 'zozotam1o1o', 'laurinda_ho', 'suechangg', 'sammy903', 'kathychow520', 'kayeepo', 'hubertwu', 'mayannem', 'jessie_sum', 'therivergirl', 'rainie77', 'hoi1218', 'tavia_yeung', 'kwangorrrrrr', 'lokyilai', 'roxannetong', 'yuyanpeng', 'kan_jessica', 'punkhippie', 'vincentwong07', 'sqwhat', 'jwchubz', 'nwuuu', 'wongtsuiyu', 'kennyjr', 'numberonepr', 'sammkoling', 'stboo', 'tracytschu', 'sammi_chengsauman', 'kootinlok_louis', 'hinscheung', 'shi_ga', 'lulutung', 'kaman_kong', 'louischeung2013', 'jacquelinebwong', 'vvyeo', 'janice_man', 'lukhoo', 'jennierubyjane', 'honganc', 'sisleychoi', 'uglykwan', 'laiwinki', 'mayaoo', 'natalietong53', 'rahrahsong', 'missjni', 'lucy.is.good', 'michellewsn', 'kittyyuen', 'matthew_hkp', 'hui_alfred', 'snow711', 'sharonchanmanchi', 'joeythyee', 'keung_show', 'mirandakerr', 'wang_liza', 'ngk', 'lalalalisa_m', 'wongmanyik', 'kungkaty', 'yeungchinwah', 'lawjoey', 'kelly.fuu', 'real_ting', 'jinnyng', 'mreasonchan', 'koonella', 'kandybubu', 'princejoyce', 'rebecca_zhu', 'louisa_mak', 'kelllycheung', 'yeunghatou', 'jacquelinchng', 'myoliemyolie', 'tinyuilee', 'yiplinsum', 'victoriabeckham', 'selenaleelalee', 'karenalamkayan', 'kayan.c']"
julian_taraa,Art,95.16771687297766,C,unknown
hamida_khatoon_official,Art,unknown,unknown,unknown
kayanyanc,Art,unknown,unknown,unknown
dulahoop12,Art,459.5322943651835,A,unknown
ally_manyan,unknown,156.16988049245535,B,unknown
wonton___tai7,unknown,unknown,unknown,unknown
demosistohkofficial,unknown,unknown,unknown,unknown
jaysley,Art,unknown,unknown,unknown
rosekwok365,Art,unknown,unknown,unknown
ck.u.chin,Art,125.46233027407922,C,unknown
chan.tsz.ying,Art,unknown,unknown,unknown
roserosemama,Art,unknown,unknown,unknown
arhosunny,Art,unknown,unknown,unknown
magiclouisyan,Art,97.69479155315308,C,unknown
suechangg,Art,unknown,unknown,unknown
harbourcity,Art,124.22590562641469,C,unknown
wingyi127,Art,400.7561105089202,A,unknown
fionavibes,Art,189.6562984805741,B,unknown
zoeso0930,Art,unknown,unknown,unknown
msbonnieleung,Art,unknown,unknown,unknown
karl_ting,Art,185.189751971298,B,"['kaytse', 'louisa_mak', 'nwuuu', 'rosinalam', 'louischeung2013', 'wongtsuiyu']"
nomundodapaula,Art,140.50606766828298,C,unknown
hkppltravell,Art,unknown,unknown,unknown
loktungcilla,Art,446.9047144218141,A,"['louisa_mak', 'nwuuu', 'sisleychoi', 'wongtsuiyu']"
hkfoodtalk,Art,unknown,unknown,unknown
hebechan0510,Art,unknown,unknown,unknown
joannyle,Art,unknown,unknown,unknown
johnny__to,unknown,91.6815653897294,D,unknown
kwongchunyu,unknown,207.9985192160452,B,unknown
mamamamarket,Art,unknown,unknown,unknown
angela.yuen,Art,unknown,unknown,"['kayan9896', 'misselvani', 'heidibibe', 'stboo', 'concertyy', 'wongmanyik', 'lalalalisa_m', 'gregorywong', 'charmainefong', 'falachenfala', 'deegor_hkwa', 'sammi_chengsauman', 'minchen333', 'yeungchinwah', 'rainie77', 'chapmantoslateshow', 'kaytse', 'cheungkalonggggg', 'kootinlok_louis', 'mreasonchan', 'hinscheung', 'koonella', 'ceciliaso', 'yannyyc', 'lulutung', 'angelababyct', 'chloe_so', 'do_do_cheng', 'princejoyce', 'louischeung2013', 'edanlui', 'cherrysavor', 'yungchoyee', 'fish331', 'emmawatson', 'mcheung1201', 'fatboyip', 'coffee89921', 'punkhippie', 'terencelam0903', 'iamkingjer', 'physit', 'jennierubyjane', 'sqwhat', 'wongtsuiyu', 'jwchubz', 'pumpkinjojoinstagram', 'jaychou', 'mayaoo', 'hanatam', 'neoyau19', 'choisaaaa', 'gwgurlie86', 'laurinda_ho', 'michellewsn', 'ghlchan', 'sammy903', 'keung_show', 'karenalamkayan', 'hui_alfred', 'zendaya', 'chrissienana', 'heungheungeliza', 'ckw720', 'kb_kevinboy']"
ma_chun_wai,Art,unknown,unknown,unknown
mechann_,Art,258.1107823463716,B,unknown
playstationhk,Art,193.84467300827245,B,unknown
kayan.c,Art,unknown,unknown,unknown
garyveechinese,Art,unknown,unknown,unknown
inez_leong,Art,unknown,unknown,unknown
gigi_ggggg,Art,94.61579800938227,C,unknown
di2da,Art,139.93470011476322,C,unknown
sosouwithlove,Art,149.9513520822476,B,unknown
lauchunhim.terrance,Art,unknown,unknown,"['sabrinasa', 'neoyau19']"
welovehkcity,unknown,unknown,unknown,unknown
chan_wai_man,Art,unknown,unknown,unknown
chanjanis,Art,unknown,unknown,unknown
carlhoudee,Art,501.7979848922066,A,unknown
second_kill,Art,492.3367626520831,A,unknown
tavia_yeung,Art,unknown,unknown,"['zozotam1o1o', 'wongtsuiyu', 'vvyeo']"
snappy_hk,Art,314.1073252762483,A,unknown
ding_2,Art,unknown,unknown,unknown
phoebedreamy,Art,94.36661543425652,C,unknown
agnes.the.foodie,Art,unknown,unknown,unknown
puinam,Art,632.3826666383416,A,unknown
tofuyiuuuu,Art,unknown,unknown,unknown
avery.leung,unknown,unknown,unknown,unknown
some2some_,Art,unknown,unknown,unknown
chufune,Art,unknown,unknown,"['kaytse', 'jimyan', 'hinscheung', 'donaldtong', 'concertyy', 'sammy903', 'kittyyuen', 'sammi_chengsauman', 'louischeung2013', 'yungchoyee']"
chenchiyiu,Art,unknown,unknown,"['misselvani', 'jackhero5', 'wong_manman', 'kaytse', 'owencheung', 'herachann', 'elenakongmayyee', 'rucochan', 'toby_yanyan', 'yungchoyee', 'rosinalam', 'joelshanchung', 'iamkingjer', 'itstiffanylau', 'joyfulck', 'paisleyhu', 'zozotam1o1o', 'chiangel1110', 'momong629', 'sammy903', 'kayeepo', 'heungheungeliza', 'hubertwu', 'mayannem', 'jessie_sum', 'chungkayanlinda', 'wonghoyinraymond', 'therivergirl', 'cheungwinghong', 'hoi1218', 'tavia_yeung', 'kwangorrrrrr', 'lokyilai', 'roxannetong', 'punkhippie', 'vincentwong07', 'sqwhat', 'gloriapuiyeetang', 'lisa_chng', 'jwchubz', 'choisaaaa', 'gwgurlie86', 'nwuuu', 'wongtsuiyu', 'numberonepr', 'sammkoling', 'tracytschu', 'falachenfala', 'sammi_chengsauman', 'hinscheung', 'kaman_kong', 'louischeung2013', 'jacquelinebwong', 'vvyeo', 'lukhoo', 'honganc', 'elaine_yiu', 'sisleychoi', 'laiwinki', 'natalietong53', 'crystalfyy', 'rahrahsong', 'missjni', 'lucy.is.good', 'edwinsiu', 'ghlchan', 'kittyyuen', 'matthew_hkp', 'joeythyee', 'sharonchanmanchi', 'chrissienana', 'snow711', 'wang_liza', 'jenniferjshum', 'wongmanyik', 'lalalalisa_m', 'kungkaty', 'yeungchinwah', 'lawjoey', 'kennethmkm', 'kelly.fuu', 'jinnyng', 'lokvirginia', 'kandybubu', 'do_do_cheng', 'rebecca_zhu', 'louisa_mak', 'kelllycheung', 'yeunghatou', 'myoliemyolie', 'yiplinsum', 'tsuiwing0807', 'selenaleelalee', 'guruhung', 'kalok_', 'fattung924', 'danielchau928']"
myprincessyoyo,Art,unknown,unknown,unknown
owencheung,Art,unknown,unknown,"['roxannetong', 'vvyeo', 'wang_liza', 'sammkoling', 'yeunghatou', 'zozotam1o1o', 'rosinalam', 'punkhippie', 'vincentwong07', 'sammy903', 'sammi_chengsauman', 'snow711', 'sharonchanmanchi', 'wongtsuiyu', 'sisleychoi', 'wong_manman']"
foodartproject,Art,193.23207769419304,B,unknown
chungshersher,Art,160.10824434048334,B,"['kaytse', 'hinscheung', 'kandybubu', 'sammi_chengsauman', 'punkhippie', 'yungchoyee', 'do_do_cheng', 'sammy903', 'physit', 'princejoyce', 'kittyyuen', 'yeungchinwah', 'hui_alfred', 'louischeung2013', 'kwangorrrrrr', 'mayaoo']"
cusonlo,Art,255.6764978085941,B,unknown
kikitamkiki,Art,unknown,unknown,unknown
aitorgalcera,unknown,215.52063343270672,B,unknown
kingymak,Art,unknown,unknown,unknown
paisleyhu,Art,unknown,unknown,"['wang_liza', 'sammkoling', 'selenaleelalee', 'sammy903', 'princejoyce', 'sammi_chengsauman', 'sharonchanmanchi', 'wongtsuiyu', 'sisleychoi']"
wongmanyik,Art,unknown,unknown,"['wongtsuiyu', 'yungchoyee']"
verbeeshiu,Art,unknown,unknown,unknown
oops_coconut,Art,unknown,unknown,unknown
no3l,Art,115.91117672418876,C,unknown
antwallace,unknown,106.30698703729674,C,unknown
nokkymerszei,Art,unknown,unknown,unknown
candy_kamanyuen,Art,180.49458279077984,B,unknown
stephanie_cheng,Art,unknown,unknown,unknown
better.than.sexx,Art,unknown,unknown,unknown
explore_hongkong,Art,125.88324514881816,C,unknown
preediwat,unknown,unknown,unknown,unknown
hungcl,Art,unknown,unknown,unknown
ariunaa_official,Art,unknown,unknown,unknown
hifivehk,Art,100.10087467867892,C,unknown
elannek930,Art,369.056701575284,A,"['kaytse', 'sammi_chengsauman']"
dr_maret_lee,Art,574.5406161187349,A,unknown
sulinip,Art,unknown,unknown,unknown
elleeec,Art,unknown,unknown,unknown
konniecrab,Art,unknown,unknown,unknown
tinaaaminat,Art,unknown,unknown,unknown
renciysw,Art,160.09802401734302,B,unknown
grandmama.store,Art,unknown,unknown,unknown
lsb.co,Art,unknown,unknown,unknown
vivianchowwaiman,Art,365.23573474621065,A,unknown
zozotam1o1o,Art,601.7959149232404,A,unknown
wongtsuiyu,Art,unknown,unknown,"['yuyanpeng', 'zozotam1o1o', 'yeungchinwah', 'yiplinsum', 'yungchoyee']"
xcanadian,unknown,142.36007700539548,B,unknown
jessicahsuan_official,Art,unknown,unknown,unknown
903ahjeng,Art,unknown,unknown,"['mcheung1201', 'kaytse', 'fatboyip', 'hinscheung', 'concertyy', 'jeremylaous', 'ansonlht', 'terencelam0903', 'hui_alfred', 'edanlui', 'kb_kevinboy', 'deniskwok193']"
kandybubu,Art,unknown,unknown,"['numberonepr', 'misselvani', 'sammkoling', 'wang_liza', 'mayannem', 'kungkaty', 'yeungchinwah', 'lawjoey', 'sammi_chengsauman', 'real_ting', 'wong_manman', 'kaytse', 'quicheung', 'nostalgicoutlaw', 'koonella', 'owencheung', 'shi_ga', 'yannyyc', 'princejoyce', 'rebecca_zhu', 'louisa_mak', 'louischeung2013', 'kwangorrrrrr', 'toby_yanyan', 'kelllycheung', 'lokyilai', 'yungchoyee', 'yeunghatou', 'roxannetong', 'vvyeo', 'myoliemyolie', 'rosinalam', 'lukhoo', 'q_gill', 'punkhippie', 'vincentwong07', 'physit', 'yuenkaka', 'sqwhat', 'lisa_chng', 'sisleychoi', 'laiwinki', 'natalietong53', 'missjni', 'zozotam1o1o', 'laurinda_ho', 'nwuuu', 'momong629', 'sammy903', 'kittyyuen', 'matthew_hkp', 'snow711', 'sharonchanmanchi', 'wongtsuiyu', 'kayeepo']"
jadelamm,Art,unknown,unknown,unknown
aka_chio,Art,unknown,unknown,"['lam2', 'misselvani', 'concertyy', 'jayfungmusic', 'kaytse', 'yannyyc', 'bob_lamshingbun', 'cherrysavor', 'yungchoyee', 'jessicatsoi', 'hilaryxtsui', 'terencelam0903', 'physit', 'iamkingjer', 'saxyphil', 'maglam_', 'laurinda_ho', 'sammy903', 'kayeepo', 'heungheungeliza', 'kb_kevinboy', 'hubertwu', 'chungkayanlinda', 'stephanie_cheng', 'rainie77', 'quicheung', 'callstarcf', 'aliaime', 'jenniferyuuu', 'edanlui', 'kwangorrrrrr', 'roxannetong', 'punkhippie', 'sqwhat', 'jwchubz', 'pumpkinjojoinstagram', 'hanatam', 'choisaaaa', 'gwgurlie86', 'nwuuu', 'alexfongliksun', 'wongtsuiyu', 'ckw720', 'numberonepr', 'sammkoling', 'stboo', 'falachenfala', 'sammi_chengsauman', 'chanelofficial', 'kootinlok_louis', 'arryuu', 'hinscheung', 'shi_ga', 'louischeung2013', 'jacquelinebwong', 'fatboyip', 'benontheroad', 'jennierubyjane', 'honganc', 'sisleychoi', 'mayaoo', 'angela.yuen', 'charmaine_sheh', 'missjni', 'michellewsn', 'jeremylaous', 'ghlchan', 'kittyyuen', 'hui_alfred', 'sharonchanmanchi', 'chrissienana', 'keung_show', 'wang_liza', 'heidibibe', 'ngk', 'lalalalisa_m', 'wongmanyik', 'kungkaty', 'yeungchinwah', 'real_ting', 'jinnyng', 'mreasonchan', 'koonella', 'ceciliaso', 'kandybubu', 'do_do_cheng', 'princejoyce', 'louisa_mak', 'kelllycheung', 'coffee89921', 'tinyuilee', 'on_callstar', 'cheronna', 'ansonlht', 'karenalamkayan', 'guruhung']"
princesshouseee_,Art,104.7512621488582,C,unknown
shinkongo,Art,unknown,unknown,unknown
ho.ma.de,unknown,122.28030051643272,C,unknown
tsesaipei,Art,unknown,unknown,unknown
pangliu,Art,unknown,unknown,unknown
judy.kwong,Art,unknown,unknown,"['roxannetong', 'snow711', 'missjni', 'misselvani', 'kan_jessica', 'kungkaty', 'kaman_kong', 'louisa_mak', 'wongtsuiyu', 'jwchubz']"
tpagon,unknown,unknown,unknown,unknown
28kkss,Art,unknown,unknown,unknown
christylaiii,Art,unknown,unknown,unknown
popsalehk,Art,unknown,unknown,unknown
lingchengg,Art,unknown,unknown,unknown
agneswym,Art,unknown,unknown,unknown
choisaaaa,Art,2345.648722993437,A,"['misselvani', 'davidbeckham', 'concertyy', 'zelia', 'jackhero5', 'wong_manman', 'kaytse', 'owencheung', 'nk830', 'yannyyc', 'yungchoyee', 'hilaryxtsui', 'q_gill', 'rosinalam', 'iamkingjer', 'physit', 'yuenkaka', 'joyfulck', 'jaychou', 'yumiko.chengy', 'yingcaier', 'paisleyhu', 'maglam_', 'laurinda_ho', 'suechangg', 'sammy903', 'kathychow520', 'heungheungeliza', 'hubertwu', 'mayannem', 'chungkayanlinda', 'therivergirl', 'rainie77', 'hoi1218', 'tavia_yeung', 'edanlui', 'kwangorrrrrr', 'lokyilai', 'gem0816', 'roxannetong', 'yuyanpeng', 'punkhippie', 'prada', 'sqwhat', 'jwchubz', 'hanatam', 'gwgurlie86', 'fendi', 'nwuuu', 'karena_ngs', 'wongtsuiyu', 'ckw720', 'numberonepr', 'sammkoling', 'stboo', 'tracytschu', 'falachenfala', 'sammi_chengsauman', 'dior', 'lok666', 'kootinlok_louis', 'hinscheung', 'shi_ga', 'lulutung', 'kaman_kong', 'louischeung2013', 'jacquelinebwong', 'vvyeo', 'fatboyip', 'janice_man', 'lukhoo', 'jennierubyjane', 'honganc', 'elaine_yiu', 'sisleychoi', 'natalietong53', 'mayaoo', 'crystalfyy', 'rahrahsong', 'missjni', 'lucy.is.good', 'michellewsn', 'ghlchan', 'kittyyuen', 'louisvuitton', 'hui_alfred', 'elephantdee', 'sharonchanmanchi', 'snow711', 'keung_show', 'chrissienana', 'joeythyee', 'matthew_hkp', 'wang_liza', 'heidibibe', 'ngk', 'wongmanyik', 'lalalalisa_m', 'gregorywong', 'kungkaty', 'yeungchinwah', 'gucci', 'real_ting', 'jinnyng', 'fredcheng83', 'mreasonchan', 'koonella', 'kandybubu', 'do_do_cheng', 'princejoyce', 'rebecca_zhu', 'louisa_mak', 'kelllycheung', 'gigihadid', 'jacquelinchng', 'myoliemyolie', 'coffee89921', 'tinyuilee', 'yiplinsum', 'victoriabeckham', 'selenaleelalee', 'karenalamkayan', 'guruhung']"
winwinchan,Art,unknown,unknown,unknown
saraahshum,Art,unknown,unknown,unknown
yuenchingfung,Art,105.4096102999692,C,unknown
arisa_1010,Art,unknown,unknown,unknown
dou6lei5syu1,Art,unknown,unknown,unknown
soyiuchung,unknown,76.93864821373205,D,unknown
cbbheree,Art,unknown,unknown,unknown
playmmo,Art,unknown,unknown,unknown
sammkoling,Art,unknown,unknown,"['tavia_yeung', 'vvyeo', 'wang_liza', 'zozotam1o1o', 'yungchoyee', 'selenaleelalee', 'vincentwong07', 'sammy903', 'tracytschu', 'yuenkaka', 'snow711', 'sharonchanmanchi', 'wongtsuiyu', 'sisleychoi', 'toby_yanyan', 'wong_manman']"
sandrangky,Art,235.6649026424594,B,unknown
littlemsfoodie,Art,121.30304183709283,C,unknown
ah7ng,unknown,unknown,unknown,unknown
nikehkg,Art,325.4778726633795,A,unknown
lennayeung,Art,unknown,unknown,unknown
rosamundkwan,Art,185.4964396578829,B,unknown
back6645,Art,unknown,unknown,unknown
catry,Art,unknown,unknown,unknown
leoball,Art,unknown,unknown,unknown
lukhoo,Art,unknown,unknown,"['wang_liza', 'misselvani', 'sammkoling', 'mayannem', 'numberonepr', 'tracytschu', 'yeungchinwah', 'sammi_chengsauman', 'sammicheung926', 'real_ting', 'wong_manman', 'nostalgicoutlaw', 'owencheung', 'shi_ga', 'princejoyce', 'rebecca_zhu', 'toby_yanyan', 'yungchoyee', 'yeunghatou', 'roxannetong', 'vvyeo', 'rosinalam', 'punkhippie', 'vincentwong07', 'physit', 'yuenkaka', 'sisleychoi', 'yiplinsum', 'natalietong53', 'rahrahsong', 'missjni', 'paisleyhu', 'zozotam1o1o', 'nwuuu', 'momong629', 'sammy903', 'matthew_hkp', 'snow711', 'sharonchanmanchi', 'wongtsuiyu']"
straightblast5,Art,unknown,unknown,unknown
tracytschu,Art,1074.1127172570878,A,"['zozotam1o1o', 'wongtsuiyu', 'vvyeo', 'yeungchinwah']"
c.bbbbbbbbbbb,unknown,unknown,unknown,unknown
zaina_sze,Art,315.49296812282864,A,unknown
txocreative,Art,unknown,unknown,unknown
leungmo,Art,unknown,unknown,unknown
hkcropcircle,Art,unknown,unknown,unknown
chuihammer,Art,128.8335022014238,C,unknown
kathychow520,Art,unknown,unknown,"['kaytse', 'sammy903', 'sqwhat', 'sammi_chengsauman', 'louischeung2013', 'yungchoyee']"
joeythyee,Art,395.1206762190988,A,"['numberonepr', 'misselvani', 'sammkoling', 'wang_liza', 'kungkaty', 'sammi_chengsauman', 'lawjoey', 'kaytse', 'owencheung', 'shi_ga', 'kandybubu', 'princejoyce', 'kaman_kong', 'louisa_mak', 'louischeung2013', 'kwangorrrrrr', 'kelllycheung', 'lokyilai', 'roxannetong', 'myoliemyolie', 'kan_jessica', 'lukhoo', 'punkhippie', 'sisleychoi', 'jwchubz', 'judy.kwong', 'natalietong53', 'nwuuu', 'momong629', 'selenaleelalee', 'sammy903', 'matthew_hkp', 'snow711', 'sharonchanmanchi', 'wongtsuiyu', 'kayeepo']"
laurinda_ho,Art,1147.4312708295088,A,"['misselvani', 'stboo', 'ngk', 'wongmanyik', 'yeungchinwah', 'sammi_chengsauman', 'shi_ga', 'princejoyce', 'louischeung2013', 'yungchoyee', 'yuyanpeng', 'q_gill', 'punkhippie', 'physit', 'sqwhat', 'sisleychoi', 'missjni', 'sammy903', 'wongtsuiyu']"
loui5ng,Art,unknown,unknown,unknown
karliechung,Art,unknown,unknown,unknown
lvlvlcy,Art,unknown,unknown,unknown
6ixty8ight68,Art,unknown,unknown,unknown
jessicawong_wt,Art,89.55985088524132,D,unknown
crownhill_shoes,Art,91.09378484116368,D,unknown
c4candice,Art,unknown,unknown,unknown
janice_vidal,Art,unknown,unknown,unknown
keung_show,Art,unknown,unknown,"['mcheung1201', 'sabrinasa', 'neoyau19', 'mirror.weare', 'stanleysc_', 'misselvani', 'llokmann', 'lauchunhim.terrance', 'mikeeeee___', 'lalalalisa_m', 'terencelam0903', 'sammy903', 'physit', 'sammi_chengsauman', 'louischeung2013', 'l_for_louise', 'pumpkinjojoinstagram']"
wiyona,Art,134.38464166934563,C,unknown
bluegodzi,Art,140.27420538076828,C,unknown
mak_cheung_ching,Art,unknown,unknown,unknown
lilybethxchen,Art,unknown,unknown,unknown
jan.tse,Art,169.47170039216766,B,unknown
mingjai14,Art,unknown,unknown,unknown
cissy.pastel,Art,unknown,unknown,unknown
bludshot,Art,unknown,unknown,unknown
sneaker_house88,unknown,88.232394740517,D,unknown
twinshk,Art,unknown,unknown,unknown
rambler15,Art,unknown,unknown,unknown
easttouchhk,Art,unknown,unknown,unknown
kkc_ky,Art,164.12771536639343,B,unknown
krysellawong,unknown,202.7062485620377,B,unknown
hkfoodlover,unknown,unknown,unknown,unknown
simon.diplomacy,Art,unknown,unknown,unknown
lily_wong_0703,Art,unknown,unknown,unknown
inarosca_,Art,125.8935966322241,C,unknown
strawberryicy,Art,109.80404686097336,C,unknown
lam2,Art,unknown,unknown,"['sammy903', 'yeungchinwah', 'sammi_chengsauman', 'louischeung2013', 'pumpkinjojoinstagram', 'yungchoyee']"
jimyan,Art,401.6593374177372,A,"['lam2', 'misselvani', 'ngk', 'yeungchinwah', 'sammi_chengsauman', 'real_ting', 'kaytse', 'mreasonchan', 'princejoyce', 'louischeung2013', 'yungchoyee', 'malisheep', 'wongyuenb', 'punkhippie', 'physit', 'pumpkinjojoinstagram', 'leungmanlai', 'sammy903', 'kittyyuen', 'kb_kevinboy']"
carrie1030,Art,unknown,unknown,unknown
ashinaaa,Art,unknown,unknown,unknown
falachenfala,Art,unknown,unknown,"['misselvani', 'jackhero5', 'wong_manman', 'kaytse', 'yannyyc', 'herachann', 'yungchoyee', 'q_gill', 'rosinalam', 'iamkingjer', 'physit', 'joyfulck', 'jaychou', 'yingcaier', 'zozotam1o1o', 'laurinda_ho', 'sammy903', 'heungheungeliza', 'hubertwu', 'therivergirl', 'hoi1218', 'tavia_yeung', 'kwangorrrrrr', 'lokyilai', 'roxannetong', 'punkhippie', 'sqwhat', 'jwchubz', 'gwgurlie86', 'fendi', 'nwuuu', 'wongtsuiyu', 'numberonepr', 'sammkoling', 'stboo', 'tracytschu', 'sammi_chengsauman', 'kootinlok_louis', 'hinscheung', 'shi_ga', 'lulutung', 'kaman_kong', 'louischeung2013', 'jacquelinebwong', 'vvyeo', 'janice_man', 'lukhoo', 'jennierubyjane', 'sisleychoi', 'natalietong53', 'rahrahsong', 'missjni', 'ghlchan', 'hui_alfred', 'snow711', 'sharonchanmanchi', 'joeythyee', 'keung_show', 'heidibibe', 'wongmanyik', 'lalalalisa_m', 'kungkaty', 'yeungchinwah', 'lawjoey', 'real_ting', 'jinnyng', 'mreasonchan', 'kandybubu', 'princejoyce', 'louisa_mak', 'kelllycheung', 'myoliemyolie', 'gigilai_official', 'victoriabeckham', 'selenaleelalee', 'karenalamkayan', 'guruhung']"
zelia,Art,unknown,unknown,unknown
scarlett328,Art,191.86816440534787,B,unknown
rahrahsong,Art,unknown,unknown,"['roxannetong', 'tavia_yeung', 'vvyeo', 'sammy903', 'tracytschu', 'sammi_chengsauman', 'sharonchanmanchi', 'wongtsuiyu']"
adapcy,Art,unknown,unknown,unknown
iamkingjer,Art,unknown,unknown,"['numberonepr', 'misselvani', 'wang_liza', 'mayannem', 'stboo', 'ngk', 'sammkoling', 'lalalalisa_m', 'wongmanyik', 'kungkaty', 'yeungchinwah', 'sammi_chengsauman', 'sooyaaa__', 'rainie77', 'jackhero5', 'real_ting', 'kaytse', 'jinnyng', 'kootinlok_louis', 'mreasonchan', 'owencheung', 'shi_ga', 'kandybubu', 'kayeepo', 'yannyyc', 'princejoyce', 'roses_are_rosie', 'louisa_mak', 'louischeung2013', 'jacquelinebwong', 'kwangorrrrrr', 'kelllycheung', 'yungchoyee', 'mcheung1201', 'roxannetong', 'vvyeo', 'janice_man', 'myoliemyolie', 'q_gill', 'lukhoo', 'rosinalam', 'punkhippie', 'terencelam0903', 'physit', 'saxyphil', 'jennierubyjane', 'sqwhat', 'kendalljenner', 'sisleychoi', 'jwchubz', 'pumpkinjojoinstagram', 'jaychou', 'mayaoo', 'natalietong53', 'yiplinsum', 'yingcaier', 'missjni', 'laurinda_ho', 'nwuuu', 'jeremylaous', 'sammy903', 'sharonchanmanchi', 'wongtsuiyu', 'keung_show', 'kb_kevinboy']"
immark_ig,Art,115.14781000198764,C,unknown
off____white____hongkong,Art,unknown,unknown,unknown
nirmal_sewda,unknown,85.46793034553782,D,unknown
yukimaryrosel,Art,unknown,unknown,unknown
becarefullee,Art,unknown,unknown,unknown
wyc_wallace_v3v,Art,unknown,unknown,unknown
takanashi_hanariv3v,Art,unknown,unknown,unknown
c2mwen201999,Art,137.45888491001415,C,unknown
anjaylia,Art,unknown,unknown,"['misselvani', 'sammkoling', 'heidibibe', 'chenchiyiu', 'wongmanyik', 'tracytschu', 'falachenfala', 'yeungchinwah', 'sammi_chengsauman', 'kaytse', 'arryuu', 'hinscheung', 'koonella', 'shi_ga', 'kandybubu', 'do_do_cheng', 'kaman_kong', 'louischeung2013', 'louisa_mak', 'bob_lamshingbun', 'kelllycheung', 'yungchoyee', 'lokyilai', 'coffee89921', 'punkhippie', 'sqwhat', 'wongtsuiyu', 'sisleychoi', 'jwchubz', 'laiwinki', 'natalietong53', 'crystalfyy', 'choisaaaa', 'charmaine_sheh', 'missjni', 'gwgurlie86', 'laurinda_ho', 'ghlchan', 'sammy903', 'guruhung', 'chrissienana', 'heungheungeliza']"
hongkongpoliceforce,Art,unknown,unknown,unknown
discoverhongkong,Art,941.6124340200838,A,unknown
lyricsthings,unknown,unknown,unknown,unknown
jacquelinebwong,unknown,957.1260258189913,A,"['numberonepr', 'misselvani', 'sammkoling', 'mayannem', 'tracytschu', 'kungkaty', 'yeungchinwah', 'lawjoey', 'sammi_chengsauman', 'wong_manman', 'jinnyng', 'kaytse', 'owencheung', 'kandybubu', 'princejoyce', 'rebecca_zhu', 'louischeung2013', 'louisa_mak', 'kwangorrrrrr', 'kelllycheung', 'lokyilai', 'yungchoyee', 'roxannetong', 'snow711', 'vvyeo', 'myoliemyolie', 'rosinalam', 'lukhoo', 'punkhippie', 'vincentwong07', 'physit', 'sqwhat', 'sisleychoi', 'jwchubz', 'natalietong53', 'rahrahsong', 'missjni', 'zozotam1o1o', 'nwuuu', 'selenaleelalee', 'sammy903', 'kittyyuen', 'joeythyee', 'sharonchanmanchi', 'wongtsuiyu', 'kayeepo']"
vesta_ko,unknown,99.01194719482366,C,unknown
6sussim,unknown,unknown,unknown,unknown
lwc_ricko_rlrl,unknown,unknown,unknown,unknown
marialuisaleitao,unknown,295.9126081314777,B,unknown
kulkimoose,unknown,123.00991567370724,C,unknown
b.machine,unknown,unknown,unknown,unknown
peace.matisse,unknown,107.79343077529948,C,unknown
klumlee,unknown,unknown,unknown,unknown
moeenkhanworld,Art,unknown,unknown,unknown
jojoeie1702,unknown,unknown,unknown,unknown
sixtycents,Art,unknown,unknown,unknown
kellychenwailam,Art,unknown,unknown,unknown
ah_hin,Art,127.6262892111562,C,unknown
maboboma,Art,unknown,unknown,unknown
mei_ytbbbb,Art,unknown,unknown,unknown
hinrylau_music,Art,unknown,unknown,unknown
jesso,unknown,unknown,unknown,unknown
irinateting,Art,unknown,unknown,unknown
hongkong.insta,Art,unknown,unknown,unknown
iancychan,Art,unknown,unknown,"['mcheung1201', 'llokmann', 'jeremylaous', 'terencelam0903', 'tiger_yny', 'keung_show', 'pumpkinjojoinstagram', 'jeremy_0908']"
leannefu_1027,Art,118.90793568700964,C,unknown
harimaolee,Art,unknown,unknown,unknown
naminamiting,Art,202.32097708887625,B,unknown
kaaying219,Art,unknown,unknown,unknown
sheepyjoycetang,Art,unknown,unknown,unknown
tungtungdess,Art,445.4283915056064,A,unknown
bella_lam,Art,320.24787031847194,A,"['hubertwu', 'misselvani', 'sammkoling', 'wang_liza', 'kungkaty', 'lawjoey', 'sammi_chengsauman', 'jackhero5', 'jinnyng', 'kaytse', 'hinscheung', 'kayeepo', 'kandybubu', 'shi_ga', 'do_do_cheng', 'herachann', 'kaman_kong', 'louischeung2013', 'louisa_mak', 'kwangorrrrrr', 'bob_lamshingbun', 'kelllycheung', 'lokyilai', 'roxannetong', 'kan_jessica', 'lukhoo', 'punkhippie', 'yuenkaka', 'itstiffanylau', 'elaine_yiu', 'sisleychoi', 'jwchubz', 'natalietong53', 'crystalfyy', 'choisaaaa', 'joeythyee', 'gwgurlie86', 'nwuuu', 'momong629', 'ghlchan', 'sammy903', 'matthew_hkp', 'snow711', 'guruhung', 'wongtsuiyu', 'heungheungeliza']"
wingshya,Art,112.0482462692678,C,unknown
bluepongpong,Art,111.21397979125815,C,unknown
